0,Y3Vyc29yOnYyOpHOBIVT4A==,freeCodeCamp/freeCodeCamp,MERGED,2016-06-30 16:04:23+00:00,2016-09-28 19:14:34+00:00,2016-09-28 19:14:34+00:00,2160,8,472,11,1
0,Y3Vyc29yOnYyOpHOBJT_BA==,freeCodeCamp/freeCodeCamp,CLOSED,2016-07-10 13:37:54+00:00,,2017-09-02 02:09:24+00:00,10032,17,770,7,13
0,Y3Vyc29yOnYyOpHOBKcocw==,freeCodeCamp/freeCodeCamp,MERGED,2016-07-19 22:59:37+00:00,2016-07-26 11:43:49+00:00,2016-07-26 11:43:49+00:00,144,1,2238,5,1
0,Y3Vyc29yOnYyOpHOBO4eCQ==,freeCodeCamp/freeCodeCamp,MERGED,2016-08-25 12:54:35+00:00,2016-10-11 19:35:36+00:00,2016-10-11 19:35:36+00:00,1128,1,2457,7,1
0,Y3Vyc29yOnYyOpHOBPWWZQ==,freeCodeCamp/freeCodeCamp,CLOSED,2016-08-30 03:38:10+00:00,,2016-09-28 18:31:56+00:00,696,1,2027,5,1
0,Y3Vyc29yOnYyOpHOBQYu9Q==,freeCodeCamp/freeCodeCamp,MERGED,2016-09-07 12:31:43+00:00,2016-09-26 20:01:03+00:00,2016-09-26 20:01:03+00:00,456,1,2026,4,1
0,Y3Vyc29yOnYyOpHOBRASaw==,freeCodeCamp/freeCodeCamp,MERGED,2016-09-12 20:32:19+00:00,2016-09-28 20:54:27+00:00,2016-09-28 20:54:27+00:00,384,1,0,4,4
0,Y3Vyc29yOnYyOpHOBRhvpA==,freeCodeCamp/freeCodeCamp,MERGED,2016-09-15 21:54:30+00:00,2016-10-01 04:11:29+00:00,2016-10-01 04:11:29+00:00,360,3,855,6,2
0,Y3Vyc29yOnYyOpHOBR3eSA==,freeCodeCamp/freeCodeCamp,MERGED,2016-09-19 18:20:37+00:00,2016-10-14 21:27:49+00:00,2016-10-14 21:27:49+00:00,600,1,1973,5,3
0,Y3Vyc29yOnYyOpHOBSCRXQ==,freeCodeCamp/freeCodeCamp,MERGED,2016-09-20 17:27:23+00:00,2016-10-10 04:44:44+00:00,2016-10-10 04:44:44+00:00,456,2,473,8,1
0,Y3Vyc29yOnYyOpHOBSCe5A==,freeCodeCamp/freeCodeCamp,MERGED,2016-09-20 17:49:14+00:00,2016-10-26 15:09:15+00:00,2016-10-26 15:09:15+00:00,840,3,2316,7,11
0,Y3Vyc29yOnYyOpHOBSVFjg==,freeCodeCamp/freeCodeCamp,MERGED,2016-09-22 12:34:52+00:00,2016-10-07 09:39:52+00:00,2016-10-07 09:39:52+00:00,336,1,190,7,2
0,Y3Vyc29yOnYyOpHOBSVJCQ==,freeCodeCamp/freeCodeCamp,MERGED,2016-09-22 12:41:20+00:00,2016-10-16 21:00:33+00:00,2016-10-16 21:00:33+00:00,576,1,1759,5,2
0,Y3Vyc29yOnYyOpHOBSbuGw==,freeCodeCamp/freeCodeCamp,CLOSED,2016-09-23 00:31:38+00:00,,2016-11-04 15:11:30+00:00,1008,6,2312,4,4
0,Y3Vyc29yOnYyOpHOBSibpw==,freeCodeCamp/freeCodeCamp,MERGED,2016-09-23 17:03:07+00:00,2016-09-26 18:03:22+00:00,2016-09-26 18:03:22+00:00,72,2,139,3,3
0,Y3Vyc29yOnYyOpHOBSzLZA==,freeCodeCamp/freeCodeCamp,MERGED,2016-09-26 21:24:23+00:00,2016-10-16 21:10:55+00:00,2016-10-16 21:10:55+00:00,456,1,1896,4,1
0,Y3Vyc29yOnYyOpHOBTGUWA==,freeCodeCamp/freeCodeCamp,MERGED,2016-09-28 14:48:27+00:00,2016-10-27 15:03:28+00:00,2016-10-27 15:03:28+00:00,696,2,2322,8,15
0,Y3Vyc29yOnYyOpHOBTlw5w==,freeCodeCamp/freeCodeCamp,MERGED,2016-10-02 23:20:19+00:00,2016-10-04 20:02:02+00:00,2016-10-04 20:02:02+00:00,24,1,2018,4,3
0,Y3Vyc29yOnYyOpHOBT6r5w==,freeCodeCamp/freeCodeCamp,MERGED,2016-10-04 23:31:03+00:00,2017-01-27 05:07:22+00:00,2017-01-27 05:07:22+00:00,2736,25,0,6,1
0,Y3Vyc29yOnYyOpHOBUSaBA==,freeCodeCamp/freeCodeCamp,MERGED,2016-10-07 05:11:20+00:00,2016-10-09 15:07:16+00:00,2016-10-09 15:07:16+00:00,48,7,111,1,1
0,Y3Vyc29yOnYyOpHOBUZeGQ==,freeCodeCamp/freeCodeCamp,MERGED,2016-10-07 19:51:03+00:00,2016-10-12 17:49:19+00:00,2016-10-12 17:49:20+00:00,96,1,1137,5,2
0,Y3Vyc29yOnYyOpHOBUne8Q==,freeCodeCamp/freeCodeCamp,MERGED,2016-10-10 20:40:31+00:00,2016-10-12 05:17:26+00:00,2016-10-12 05:17:26+00:00,24,1,2074,6,1
0,Y3Vyc29yOnYyOpHOBUzjyg==,freeCodeCamp/freeCodeCamp,CLOSED,2016-10-11 22:48:08+00:00,,2016-10-13 03:27:52+00:00,24,1,2154,4,2
0,Y3Vyc29yOnYyOpHOBU5xWA==,freeCodeCamp/freeCodeCamp,MERGED,2016-10-12 14:30:53+00:00,2016-10-15 12:27:01+00:00,2016-10-15 12:27:01+00:00,48,1,2840,5,1
0,Y3Vyc29yOnYyOpHOBVWT7A==,freeCodeCamp/freeCodeCamp,MERGED,2016-10-15 14:16:53+00:00,2016-11-04 15:26:42+00:00,2016-11-04 15:26:42+00:00,480,4,0,4,1
0,Y3Vyc29yOnYyOpHOBVXGhA==,freeCodeCamp/freeCodeCamp,MERGED,2016-10-15 21:40:14+00:00,2016-10-19 19:11:04+00:00,2016-10-19 19:11:04+00:00,72,1,2056,6,2
0,Y3Vyc29yOnYyOpHOBVYQxQ==,freeCodeCamp/freeCodeCamp,CLOSED,2016-10-16 13:56:12+00:00,,2016-10-17 17:06:13+00:00,24,5,1750,2,1
0,Y3Vyc29yOnYyOpHOBVbMCA==,freeCodeCamp/freeCodeCamp,MERGED,2016-10-17 07:42:34+00:00,2016-10-21 05:23:43+00:00,2016-10-21 05:23:43+00:00,72,1,2530,3,1
0,Y3Vyc29yOnYyOpHOBViz_A==,freeCodeCamp/freeCodeCamp,MERGED,2016-10-17 20:44:52+00:00,2016-12-15 20:59:07+00:00,2016-12-15 20:59:07+00:00,1416,12,1986,4,28
0,Y3Vyc29yOnYyOpHOBVj6pg==,freeCodeCamp/freeCodeCamp,MERGED,2016-10-17 22:44:12+00:00,2016-12-05 23:41:28+00:00,2016-12-05 23:41:28+00:00,1176,9,1970,7,30
0,Y3Vyc29yOnYyOpHOBWNkqw==,freeCodeCamp/freeCodeCamp,MERGED,2016-10-21 15:03:57+00:00,2016-11-22 21:04:23+00:00,2016-11-22 21:04:23+00:00,768,1,2055,4,4
0,Y3Vyc29yOnYyOpHOBWOR-g==,freeCodeCamp/freeCodeCamp,MERGED,2016-10-21 16:12:04+00:00,2016-10-24 09:28:31+00:00,2016-10-24 09:28:31+00:00,48,1,1962,5,5
0,Y3Vyc29yOnYyOpHOBWRqnQ==,freeCodeCamp/freeCodeCamp,CLOSED,2016-10-22 02:20:54+00:00,,2017-01-02 02:17:35+00:00,1704,1,2319,6,9
0,Y3Vyc29yOnYyOpHOBWTNkQ==,freeCodeCamp/freeCodeCamp,MERGED,2016-10-22 19:14:23+00:00,2017-01-07 21:42:39+00:00,2017-01-07 21:42:39+00:00,1848,6,1955,4,10
0,Y3Vyc29yOnYyOpHOBWTmjw==,freeCodeCamp/freeCodeCamp,MERGED,2016-10-22 23:09:11+00:00,2016-10-26 07:13:57+00:00,2016-10-26 07:13:57+00:00,72,1,1671,5,6
0,Y3Vyc29yOnYyOpHOBWaxoQ==,freeCodeCamp/freeCodeCamp,MERGED,2016-10-24 13:52:44+00:00,2016-10-27 12:32:14+00:00,2016-10-27 12:32:14+00:00,48,1,1939,4,3
0,Y3Vyc29yOnYyOpHOBWglHg==,freeCodeCamp/freeCodeCamp,MERGED,2016-10-24 23:18:18+00:00,2016-10-27 12:36:58+00:00,2016-10-27 12:36:58+00:00,48,1,2068,4,4
0,Y3Vyc29yOnYyOpHOBWh3tA==,freeCodeCamp/freeCodeCamp,CLOSED,2016-10-25 03:22:26+00:00,,2016-11-05 23:50:23+00:00,264,1,5802,4,1
0,Y3Vyc29yOnYyOpHOBWi01Q==,freeCodeCamp/freeCodeCamp,MERGED,2016-10-25 06:49:01+00:00,2016-10-27 22:25:40+00:00,2016-10-27 22:25:40+00:00,48,1,2150,4,3
0,Y3Vyc29yOnYyOpHOBWkiNA==,freeCodeCamp/freeCodeCamp,MERGED,2016-10-25 10:03:58+00:00,2016-10-27 16:54:16+00:00,2016-10-27 16:54:16+00:00,48,1,2052,3,2
0,Y3Vyc29yOnYyOpHOBWpA5A==,freeCodeCamp/freeCodeCamp,MERGED,2016-10-25 17:02:02+00:00,2016-10-27 15:00:42+00:00,2016-10-27 15:00:43+00:00,24,1,2199,4,6
0,Y3Vyc29yOnYyOpHOBWuMng==,freeCodeCamp/freeCodeCamp,MERGED,2016-10-26 04:23:37+00:00,2016-10-27 13:11:20+00:00,2016-10-27 13:11:20+00:00,24,1,2025,4,2
0,Y3Vyc29yOnYyOpHOBXG_cw==,freeCodeCamp/freeCodeCamp,MERGED,2016-10-28 08:23:52+00:00,2016-11-01 20:00:16+00:00,2016-11-01 20:00:16+00:00,96,2,1902,6,5
0,Y3Vyc29yOnYyOpHOBXP_Cw==,freeCodeCamp/freeCodeCamp,MERGED,2016-10-29 12:40:28+00:00,2016-11-22 21:08:14+00:00,2016-11-22 21:08:14+00:00,576,1,2220,5,8
0,Y3Vyc29yOnYyOpHOBXTR1Q==,freeCodeCamp/freeCodeCamp,MERGED,2016-10-30 23:43:10+00:00,2016-11-04 13:11:37+00:00,2016-11-04 13:11:37+00:00,96,1,2015,3,7
0,Y3Vyc29yOnYyOpHOBXTrXg==,freeCodeCamp/freeCodeCamp,MERGED,2016-10-31 02:21:27+00:00,2017-02-27 23:04:00+00:00,2017-02-27 23:04:00+00:00,2856,15,2258,4,14
0,Y3Vyc29yOnYyOpHOBXXTfQ==,freeCodeCamp/freeCodeCamp,MERGED,2016-10-31 13:23:14+00:00,2016-11-07 07:24:43+00:00,2016-11-07 07:24:43+00:00,144,1,2051,5,2
0,Y3Vyc29yOnYyOpHOBXbnAg==,freeCodeCamp/freeCodeCamp,CLOSED,2016-10-31 19:54:31+00:00,,2017-04-14 02:04:33+00:00,3936,32,369,8,7
0,Y3Vyc29yOnYyOpHOBXjs6Q==,freeCodeCamp/freeCodeCamp,MERGED,2016-11-01 16:03:04+00:00,2016-11-02 17:10:24+00:00,2016-11-02 17:10:24+00:00,24,1,3998,4,3
0,Y3Vyc29yOnYyOpHOBYMvAQ==,freeCodeCamp/freeCodeCamp,MERGED,2016-11-06 10:43:30+00:00,2016-11-29 23:41:44+00:00,2016-11-29 23:41:44+00:00,552,4,2150,5,10
0,Y3Vyc29yOnYyOpHOBYPkeg==,freeCodeCamp/freeCodeCamp,MERGED,2016-11-07 06:25:33+00:00,2016-11-19 17:42:20+00:00,2016-11-19 17:42:20+00:00,288,2,1915,7,3
0,Y3Vyc29yOnYyOpHOBZHfMA==,freeCodeCamp/freeCodeCamp,MERGED,2016-11-12 17:40:33+00:00,2016-11-17 22:54:41+00:00,2016-11-17 22:54:41+00:00,120,3,1930,3,2
0,Y3Vyc29yOnYyOpHOBaGBUw==,freeCodeCamp/freeCodeCamp,MERGED,2016-11-19 04:32:16+00:00,2016-12-30 19:11:08+00:00,2016-12-30 19:11:08+00:00,984,5,2377,6,3
0,Y3Vyc29yOnYyOpHOBaGzmw==,freeCodeCamp/freeCodeCamp,MERGED,2016-11-19 14:33:19+00:00,2016-11-24 22:30:18+00:00,2016-11-24 22:30:18+00:00,120,1,3777,4,1
0,Y3Vyc29yOnYyOpHOBaIZHg==,freeCodeCamp/freeCodeCamp,CLOSED,2016-11-20 06:50:09+00:00,,2016-12-22 02:06:28+00:00,744,2,2310,5,6
0,Y3Vyc29yOnYyOpHOBaKbCQ==,freeCodeCamp/freeCodeCamp,MERGED,2016-11-21 01:33:27+00:00,2016-11-29 22:39:48+00:00,2016-11-29 22:39:48+00:00,192,1,1985,6,3
0,Y3Vyc29yOnYyOpHOBaTTUg==,freeCodeCamp/freeCodeCamp,CLOSED,2016-11-21 20:14:05+00:00,,2016-11-23 23:48:37+00:00,48,1,4905,3,1
0,Y3Vyc29yOnYyOpHOBasRCw==,freeCodeCamp/freeCodeCamp,MERGED,2016-11-23 23:47:38+00:00,2017-01-05 00:16:54+00:00,2017-01-05 00:16:54+00:00,1008,3,2144,3,6
0,Y3Vyc29yOnYyOpHOBa058g==,freeCodeCamp/freeCodeCamp,MERGED,2016-11-25 01:04:05+00:00,2016-12-30 04:12:50+00:00,2016-12-30 04:12:50+00:00,840,2,1977,3,1
0,Y3Vyc29yOnYyOpHOBa2Rww==,freeCodeCamp/freeCodeCamp,MERGED,2016-11-25 07:37:55+00:00,2016-11-26 22:19:16+00:00,2016-11-26 22:19:16+00:00,24,1,2023,5,2
0,Y3Vyc29yOnYyOpHOBa49Vw==,freeCodeCamp/freeCodeCamp,MERGED,2016-11-25 13:33:04+00:00,2016-11-26 20:43:28+00:00,2016-11-26 20:43:28+00:00,24,1,4041,4,6
0,Y3Vyc29yOnYyOpHOBbUYRg==,freeCodeCamp/freeCodeCamp,CLOSED,2016-11-29 19:03:11+00:00,,2016-12-08 07:25:16+00:00,192,1,2000,3,2
0,Y3Vyc29yOnYyOpHOBbWTtQ==,freeCodeCamp/freeCodeCamp,MERGED,2016-11-29 22:07:07+00:00,2016-12-01 21:38:22+00:00,2016-12-01 21:38:22+00:00,24,1,2131,6,1
0,Y3Vyc29yOnYyOpHOBbeTNw==,freeCodeCamp/freeCodeCamp,CLOSED,2016-11-30 15:48:52+00:00,,2016-12-04 23:31:05+00:00,96,1,10286,3,1
0,Y3Vyc29yOnYyOpHOBbkCuA==,freeCodeCamp/freeCodeCamp,MERGED,2016-12-01 01:43:56+00:00,2016-12-04 23:54:58+00:00,2016-12-04 23:54:59+00:00,72,3,2044,4,3
0,Y3Vyc29yOnYyOpHOBb_PDQ==,freeCodeCamp/freeCodeCamp,MERGED,2016-12-05 01:10:33+00:00,2016-12-06 01:15:48+00:00,2016-12-06 01:15:48+00:00,24,1,1913,4,2
0,Y3Vyc29yOnYyOpHOBcAtNA==,freeCodeCamp/freeCodeCamp,MERGED,2016-12-05 07:26:33+00:00,2016-12-12 16:13:41+00:00,2016-12-12 16:13:41+00:00,168,1,2024,7,5
0,Y3Vyc29yOnYyOpHOBck2fA==,freeCodeCamp/freeCodeCamp,MERGED,2016-12-08 07:37:19+00:00,2016-12-10 23:11:08+00:00,2016-12-10 23:11:08+00:00,48,1,103,2,1
0,Y3Vyc29yOnYyOpHOBc4DqA==,freeCodeCamp/freeCodeCamp,CLOSED,2016-12-09 21:57:06+00:00,,2017-01-27 09:27:28+00:00,1152,1,426,6,7
0,Y3Vyc29yOnYyOpHOBc5liw==,freeCodeCamp/freeCodeCamp,MERGED,2016-12-10 04:07:26+00:00,2017-01-26 08:19:22+00:00,2017-01-26 08:19:22+00:00,1128,1,1956,5,15
0,Y3Vyc29yOnYyOpHOBc8PcQ==,freeCodeCamp/freeCodeCamp,MERGED,2016-12-11 11:22:57+00:00,2017-01-08 21:12:58+00:00,2017-01-08 21:12:58+00:00,672,3,2118,3,2
0,Y3Vyc29yOnYyOpHOBdHvag==,freeCodeCamp/freeCodeCamp,CLOSED,2016-12-12 22:11:05+00:00,,2017-02-21 06:44:09+00:00,1680,5,2033,3,2
0,Y3Vyc29yOnYyOpHOBdRSAg==,freeCodeCamp/freeCodeCamp,MERGED,2016-12-13 17:45:33+00:00,2016-12-15 01:36:05+00:00,2016-12-15 01:36:05+00:00,24,1,2032,5,2
0,Y3Vyc29yOnYyOpHOBdWk4Q==,freeCodeCamp/freeCodeCamp,CLOSED,2016-12-14 04:56:45+00:00,,2017-01-07 21:18:48+00:00,576,1,8831,4,1
0,Y3Vyc29yOnYyOpHOBdf3Bg==,freeCodeCamp/freeCodeCamp,MERGED,2016-12-14 21:30:20+00:00,2017-01-26 20:16:17+00:00,2017-01-26 20:16:17+00:00,1008,6,291,4,9
0,Y3Vyc29yOnYyOpHOBeDpsw==,freeCodeCamp/freeCodeCamp,MERGED,2016-12-19 19:35:40+00:00,2017-01-04 01:22:18+00:00,2017-01-04 01:22:18+00:00,360,1,1985,4,1
0,Y3Vyc29yOnYyOpHOBeTvpQ==,freeCodeCamp/freeCodeCamp,MERGED,2016-12-21 08:19:29+00:00,2017-01-24 17:37:16+00:00,2017-01-24 17:37:16+00:00,816,3,2052,5,3
0,Y3Vyc29yOnYyOpHOBesOtQ==,freeCodeCamp/freeCodeCamp,MERGED,2016-12-24 00:42:36+00:00,2016-12-25 14:17:06+00:00,2016-12-25 14:17:06+00:00,24,1,2058,4,2
0,Y3Vyc29yOnYyOpHOBevrVA==,freeCodeCamp/freeCodeCamp,MERGED,2016-12-26 07:34:54+00:00,2016-12-30 03:25:59+00:00,2016-12-30 03:25:59+00:00,72,4,321,3,1
0,Y3Vyc29yOnYyOpHOBex1tw==,freeCodeCamp/freeCodeCamp,MERGED,2016-12-26 17:23:10+00:00,2016-12-30 04:47:01+00:00,2016-12-30 04:47:01+00:00,72,1,1715,4,1
0,Y3Vyc29yOnYyOpHOBeyBRw==,freeCodeCamp/freeCodeCamp,MERGED,2016-12-26 18:41:55+00:00,2016-12-30 04:31:38+00:00,2016-12-30 04:31:38+00:00,72,1,2056,4,1
0,Y3Vyc29yOnYyOpHOBfMbDg==,freeCodeCamp/freeCodeCamp,CLOSED,2017-01-01 05:59:18+00:00,,2017-01-03 07:29:04+00:00,48,1,1928,6,2
0,Y3Vyc29yOnYyOpHOBfNtGw==,freeCodeCamp/freeCodeCamp,MERGED,2017-01-02 05:56:10+00:00,2017-01-03 07:04:07+00:00,2017-01-03 07:04:08+00:00,24,6,13,2,3
0,Y3Vyc29yOnYyOpHOBfQLOQ==,freeCodeCamp/freeCodeCamp,MERGED,2017-01-02 17:02:37+00:00,2017-01-04 23:39:02+00:00,2017-01-04 23:39:02+00:00,48,1,3704,3,4
0,Y3Vyc29yOnYyOpHOBfRK6w==,freeCodeCamp/freeCodeCamp,MERGED,2017-01-02 22:27:04+00:00,2017-01-06 06:03:11+00:00,2017-01-06 06:03:11+00:00,72,1,2138,4,1
0,Y3Vyc29yOnYyOpHOBfRQjA==,freeCodeCamp/freeCodeCamp,MERGED,2017-01-02 23:02:51+00:00,2017-01-16 18:17:02+00:00,2017-01-16 18:17:02+00:00,312,1,2211,5,6
0,Y3Vyc29yOnYyOpHOBfZA6g==,freeCodeCamp/freeCodeCamp,MERGED,2017-01-03 21:33:36+00:00,2017-01-04 22:55:46+00:00,2017-01-04 22:55:46+00:00,24,1,0,4,2
0,Y3Vyc29yOnYyOpHOBfmTXQ==,freeCodeCamp/freeCodeCamp,MERGED,2017-01-05 06:51:12+00:00,2017-01-12 17:38:37+00:00,2017-01-12 17:38:37+00:00,168,1,2467,4,7
0,Y3Vyc29yOnYyOpHOBgBOYg==,freeCodeCamp/freeCodeCamp,MERGED,2017-01-09 13:19:00+00:00,2017-01-11 08:55:01+00:00,2017-01-11 08:55:01+00:00,24,1,1940,3,2
0,Y3Vyc29yOnYyOpHOBgBwrA==,freeCodeCamp/freeCodeCamp,MERGED,2017-01-09 14:18:03+00:00,2017-01-13 13:56:35+00:00,2017-01-13 13:56:35+00:00,72,1,1943,4,1
0,Y3Vyc29yOnYyOpHOBgpr0w==,freeCodeCamp/freeCodeCamp,MERGED,2017-01-12 21:42:28+00:00,2017-02-27 22:00:38+00:00,2017-02-27 22:00:38+00:00,1104,33,179,2,1
0,Y3Vyc29yOnYyOpHOBgrj8g==,freeCodeCamp/freeCodeCamp,MERGED,2017-01-13 02:01:09+00:00,2017-01-20 04:12:15+00:00,2017-01-20 04:12:15+00:00,168,1,934,4,1
0,Y3Vyc29yOnYyOpHOBg4zFA==,freeCodeCamp/freeCodeCamp,CLOSED,2017-01-15 12:21:10+00:00,,2017-05-21 17:40:42+00:00,3024,23,2152,4,8
0,Y3Vyc29yOnYyOpHOBhB7lg==,freeCodeCamp/freeCodeCamp,MERGED,2017-01-16 19:06:45+00:00,2017-01-19 04:24:10+00:00,2017-01-19 04:24:10+00:00,48,2,2747,4,1
0,Y3Vyc29yOnYyOpHOBhU2CA==,freeCodeCamp/freeCodeCamp,MERGED,2017-01-18 12:10:56+00:00,2017-01-21 07:39:35+00:00,2017-01-21 07:39:35+00:00,48,1,2253,4,2
0,Y3Vyc29yOnYyOpHOBhpnnw==,freeCodeCamp/freeCodeCamp,MERGED,2017-01-20 03:18:47+00:00,2017-01-21 08:24:07+00:00,2017-01-21 08:24:07+00:00,24,1,2147,4,1
0,Y3Vyc29yOnYyOpHOBh3DLg==,freeCodeCamp/freeCodeCamp,CLOSED,2017-01-22 09:10:52+00:00,,2017-02-18 02:48:04+00:00,624,52,2095,29,2
0,Y3Vyc29yOnYyOpHOBh3ikA==,freeCodeCamp/freeCodeCamp,MERGED,2017-01-22 14:03:38+00:00,2017-01-24 09:27:49+00:00,2017-01-24 09:27:49+00:00,24,1,2189,3,3
0,Y3Vyc29yOnYyOpHOBh4c3Q==,freeCodeCamp/freeCodeCamp,MERGED,2017-01-22 21:34:45+00:00,2017-01-27 21:54:23+00:00,2017-01-27 21:54:23+00:00,120,1,2421,4,1
0,Y3Vyc29yOnYyOpHOBh4hsw==,freeCodeCamp/freeCodeCamp,MERGED,2017-01-22 22:04:10+00:00,2017-01-25 19:30:19+00:00,2017-01-25 19:30:19+00:00,48,1,1708,5,2
0,Y3Vyc29yOnYyOpHOBh4zlA==,freeCodeCamp/freeCodeCamp,CLOSED,2017-01-23 00:05:38+00:00,,2017-01-25 06:53:45+00:00,48,2,2494,4,3
0,Y3Vyc29yOnYyOpHOBiPH7A==,freeCodeCamp/freeCodeCamp,MERGED,2017-01-24 21:33:59+00:00,2017-01-27 15:47:34+00:00,2017-01-27 15:47:34+00:00,48,1,2176,3,5
0,Y3Vyc29yOnYyOpHOBiRulQ==,freeCodeCamp/freeCodeCamp,MERGED,2017-01-25 03:50:39+00:00,2017-01-28 19:01:24+00:00,2017-01-28 19:01:24+00:00,72,1,2338,6,7
0,Y3Vyc29yOnYyOpHOBiSP3g==,freeCodeCamp/freeCodeCamp,MERGED,2017-01-25 05:48:12+00:00,2017-01-29 08:43:02+00:00,2017-01-29 08:43:02+00:00,96,3,2316,3,2
0,Y3Vyc29yOnYyOpHOBiTAQg==,freeCodeCamp/freeCodeCamp,MERGED,2017-01-25 08:07:37+00:00,2017-01-28 06:56:46+00:00,2017-01-28 06:56:46+00:00,48,2,2509,4,1
0,Y3Vyc29yOnYyOpHOBiWO2w==,freeCodeCamp/freeCodeCamp,CLOSED,2017-01-25 14:05:47+00:00,,2017-09-02 01:15:04+00:00,5256,6,1405,5,1
0,Y3Vyc29yOnYyOpHOBia4aA==,freeCodeCamp/freeCodeCamp,MERGED,2017-01-25 20:49:22+00:00,2017-01-30 18:30:06+00:00,2017-01-30 18:30:06+00:00,96,1,2181,3,3
0,Y3Vyc29yOnYyOpHOBia4kw==,freeCodeCamp/freeCodeCamp,MERGED,2017-01-25 20:49:39+00:00,2017-01-29 21:20:58+00:00,2017-01-29 21:20:58+00:00,96,1,1275,4,4
0,Y3Vyc29yOnYyOpHOBidArQ==,freeCodeCamp/freeCodeCamp,MERGED,2017-01-26 00:52:44+00:00,2017-01-31 18:39:12+00:00,2017-01-31 18:39:12+00:00,120,1,1912,5,15
0,Y3Vyc29yOnYyOpHOBidpAQ==,freeCodeCamp/freeCodeCamp,MERGED,2017-01-26 02:57:02+00:00,2017-01-27 10:27:56+00:00,2017-01-27 10:27:56+00:00,24,1,2137,5,3
0,Y3Vyc29yOnYyOpHOBilw7w==,freeCodeCamp/freeCodeCamp,MERGED,2017-01-26 20:06:27+00:00,2017-02-02 06:29:23+00:00,2017-02-02 06:29:24+00:00,144,1,1983,5,5
0,Y3Vyc29yOnYyOpHOBil35g==,freeCodeCamp/freeCodeCamp,MERGED,2017-01-26 20:16:48+00:00,2017-01-29 08:46:08+00:00,2017-01-29 08:46:08+00:00,48,1,1701,6,1
0,Y3Vyc29yOnYyOpHOBio3vA==,freeCodeCamp/freeCodeCamp,MERGED,2017-01-27 02:35:48+00:00,2017-01-29 20:47:52+00:00,2017-01-29 20:47:52+00:00,48,1,3438,5,6
0,Y3Vyc29yOnYyOpHOBirmSg==,freeCodeCamp/freeCodeCamp,MERGED,2017-01-27 11:16:51+00:00,2017-02-01 17:01:45+00:00,2017-02-01 17:01:45+00:00,120,22,2238,5,2
0,Y3Vyc29yOnYyOpHOBiyfIA==,freeCodeCamp/freeCodeCamp,MERGED,2017-01-27 23:48:58+00:00,2017-02-05 13:12:04+00:00,2017-02-05 13:12:04+00:00,192,1,1628,6,14
0,Y3Vyc29yOnYyOpHOBi2o5w==,freeCodeCamp/freeCodeCamp,MERGED,2017-01-29 18:53:54+00:00,2017-02-01 10:15:25+00:00,2017-02-01 10:15:25+00:00,48,1,2819,6,10
0,Y3Vyc29yOnYyOpHOBi3ZLQ==,freeCodeCamp/freeCodeCamp,MERGED,2017-01-30 00:42:11+00:00,2017-02-02 06:34:10+00:00,2017-02-02 06:34:10+00:00,72,1,2227,6,8
0,Y3Vyc29yOnYyOpHOBi84Bw==,freeCodeCamp/freeCodeCamp,MERGED,2017-01-30 15:30:15+00:00,2017-02-06 20:43:08+00:00,2017-02-06 20:43:08+00:00,168,1,2014,4,1
0,Y3Vyc29yOnYyOpHOBjAjxw==,freeCodeCamp/freeCodeCamp,CLOSED,2017-01-30 20:58:03+00:00,,2017-09-02 03:03:54+00:00,5136,2,1477,6,10
0,Y3Vyc29yOnYyOpHOBjAzTA==,freeCodeCamp/freeCodeCamp,CLOSED,2017-01-30 21:20:16+00:00,,2017-03-25 10:41:37+00:00,1272,1,4910,5,1
0,Y3Vyc29yOnYyOpHOBjNkkQ==,freeCodeCamp/freeCodeCamp,MERGED,2017-01-31 21:54:28+00:00,2017-02-07 17:10:52+00:00,2017-02-07 17:10:52+00:00,144,1,1124,4,7
0,Y3Vyc29yOnYyOpHOBji2NA==,freeCodeCamp/freeCodeCamp,MERGED,2017-02-02 17:00:08+00:00,2017-02-24 16:26:18+00:00,2017-02-24 16:26:19+00:00,504,1,1912,5,3
0,Y3Vyc29yOnYyOpHOBj0rpw==,freeCodeCamp/freeCodeCamp,MERGED,2017-02-04 19:18:35+00:00,2017-02-08 13:26:17+00:00,2017-02-08 13:26:17+00:00,72,1,2636,4,6
0,Y3Vyc29yOnYyOpHOBj1rGA==,freeCodeCamp/freeCodeCamp,MERGED,2017-02-05 05:28:12+00:00,2017-02-13 10:49:41+00:00,2017-02-13 10:49:41+00:00,192,1,2118,3,10
0,Y3Vyc29yOnYyOpHOBj25wA==,freeCodeCamp/freeCodeCamp,MERGED,2017-02-05 18:08:49+00:00,2017-02-12 09:01:23+00:00,2017-02-12 09:01:23+00:00,144,1,2371,3,12
0,Y3Vyc29yOnYyOpHOBj3IDA==,freeCodeCamp/freeCodeCamp,MERGED,2017-02-05 19:48:01+00:00,2017-02-28 21:43:55+00:00,2017-02-28 21:43:55+00:00,552,2,2536,4,4
0,Y3Vyc29yOnYyOpHOBj3LQg==,freeCodeCamp/freeCodeCamp,MERGED,2017-02-05 20:13:09+00:00,2017-02-08 15:06:50+00:00,2017-02-08 15:06:50+00:00,48,6,1956,4,1
0,Y3Vyc29yOnYyOpHOBkAudQ==,freeCodeCamp/freeCodeCamp,MERGED,2017-02-06 19:54:36+00:00,2017-02-07 22:15:09+00:00,2017-02-07 22:15:09+00:00,24,1,2028,3,1
0,Y3Vyc29yOnYyOpHOBkA9ag==,freeCodeCamp/freeCodeCamp,MERGED,2017-02-06 20:15:32+00:00,2017-02-08 18:12:12+00:00,2017-02-08 18:12:12+00:00,24,1,1773,4,1
0,Y3Vyc29yOnYyOpHOBkBAdg==,freeCodeCamp/freeCodeCamp,MERGED,2017-02-06 20:19:58+00:00,2017-02-12 10:00:48+00:00,2017-02-12 10:00:48+00:00,120,1,2391,4,4
0,Y3Vyc29yOnYyOpHOBkBYIA==,freeCodeCamp/freeCodeCamp,MERGED,2017-02-06 20:54:42+00:00,2017-02-11 16:22:43+00:00,2017-02-11 16:22:43+00:00,96,2,149,6,2
0,Y3Vyc29yOnYyOpHOBkKY2Q==,freeCodeCamp/freeCodeCamp,CLOSED,2017-02-07 15:26:06+00:00,,2017-02-27 18:32:56+00:00,480,1,2480,3,4
0,Y3Vyc29yOnYyOpHOBkOsGA==,freeCodeCamp/freeCodeCamp,MERGED,2017-02-07 21:31:48+00:00,2017-04-18 18:06:19+00:00,2017-04-18 18:06:20+00:00,1656,2,2063,4,7
0,Y3Vyc29yOnYyOpHOBkPmdw==,freeCodeCamp/freeCodeCamp,MERGED,2017-02-07 22:59:21+00:00,2017-02-17 19:57:57+00:00,2017-02-17 19:57:57+00:00,216,3,2290,6,4
0,Y3Vyc29yOnYyOpHOBkRmvA==,freeCodeCamp/freeCodeCamp,MERGED,2017-02-08 04:12:11+00:00,2017-02-10 08:14:06+00:00,2017-02-10 08:14:06+00:00,48,1,1168,5,5
0,Y3Vyc29yOnYyOpHOBkeJfg==,freeCodeCamp/freeCodeCamp,MERGED,2017-02-09 03:03:33+00:00,2017-02-12 09:39:13+00:00,2017-02-12 09:39:13+00:00,72,1,2117,3,1
0,Y3Vyc29yOnYyOpHOBkr9jg==,freeCodeCamp/freeCodeCamp,MERGED,2017-02-10 07:19:25+00:00,2017-02-17 20:12:09+00:00,2017-02-17 20:12:09+00:00,168,1,2343,3,2
0,Y3Vyc29yOnYyOpHOBk4n2g==,freeCodeCamp/freeCodeCamp,MERGED,2017-02-12 09:36:02+00:00,2017-02-13 12:52:29+00:00,2017-02-13 12:52:29+00:00,24,1,2101,3,1
0,Y3Vyc29yOnYyOpHOBk6Jtg==,freeCodeCamp/freeCodeCamp,MERGED,2017-02-12 22:46:37+00:00,2017-02-18 17:18:24+00:00,2017-02-18 17:18:24+00:00,120,1,2135,4,1
0,Y3Vyc29yOnYyOpHOBlFj7g==,freeCodeCamp/freeCodeCamp,CLOSED,2017-02-13 22:52:41+00:00,,2017-02-16 21:01:41+00:00,48,0,1947,4,3
0,Y3Vyc29yOnYyOpHOBlH72w==,freeCodeCamp/freeCodeCamp,MERGED,2017-02-14 05:03:01+00:00,2017-02-20 20:55:40+00:00,2017-02-20 20:55:40+00:00,144,1,1961,6,8
0,Y3Vyc29yOnYyOpHOBlIDvQ==,freeCodeCamp/freeCodeCamp,MERGED,2017-02-14 05:27:03+00:00,2017-02-24 23:27:19+00:00,2017-02-24 23:27:19+00:00,240,1,2130,4,6
0,Y3Vyc29yOnYyOpHOBlKeWw==,freeCodeCamp/freeCodeCamp,MERGED,2017-02-14 10:40:20+00:00,2017-02-15 14:21:56+00:00,2017-02-15 14:21:56+00:00,24,1,403,2,2
0,Y3Vyc29yOnYyOpHOBle8OA==,freeCodeCamp/freeCodeCamp,CLOSED,2017-02-15 22:24:36+00:00,,2017-04-26 21:29:08+00:00,1656,1,2356,5,3
0,Y3Vyc29yOnYyOpHOBl5WBQ==,freeCodeCamp/freeCodeCamp,MERGED,2017-02-18 03:12:18+00:00,2017-02-20 20:15:17+00:00,2017-02-20 20:15:17+00:00,48,1,2167,3,2
0,Y3Vyc29yOnYyOpHOBl5d1g==,freeCodeCamp/freeCodeCamp,MERGED,2017-02-18 04:23:40+00:00,2017-02-19 09:13:13+00:00,2017-02-19 09:13:13+00:00,24,1,2041,3,3
0,Y3Vyc29yOnYyOpHOBl6Q9w==,freeCodeCamp/freeCodeCamp,MERGED,2017-02-18 12:57:02+00:00,2017-02-20 16:40:59+00:00,2017-02-20 16:40:59+00:00,48,1,2108,5,3
0,Y3Vyc29yOnYyOpHOBl8LFQ==,freeCodeCamp/freeCodeCamp,MERGED,2017-02-19 07:38:17+00:00,2017-02-21 20:10:30+00:00,2017-02-21 20:10:30+00:00,48,1,2629,3,7
0,Y3Vyc29yOnYyOpHOBmHYxg==,freeCodeCamp/freeCodeCamp,MERGED,2017-02-20 21:01:51+00:00,2017-02-22 20:33:59+00:00,2017-02-22 20:33:59+00:00,24,1,2587,4,4
0,Y3Vyc29yOnYyOpHOBmna6g==,freeCodeCamp/freeCodeCamp,MERGED,2017-02-23 10:57:51+00:00,2017-02-27 12:35:18+00:00,2017-02-27 12:35:18+00:00,96,1,2258,5,2
0,Y3Vyc29yOnYyOpHOBmsDdQ==,freeCodeCamp/freeCodeCamp,MERGED,2017-02-23 17:47:25+00:00,2017-02-27 16:55:39+00:00,2017-02-27 16:55:39+00:00,72,24,2383,4,3
0,Y3Vyc29yOnYyOpHOBmvx6A==,freeCodeCamp/freeCodeCamp,CLOSED,2017-02-23 23:36:38+00:00,,2017-05-30 16:48:35+00:00,2280,2,847,4,3
0,Y3Vyc29yOnYyOpHOBmwmOw==,freeCodeCamp/freeCodeCamp,MERGED,2017-02-24 01:37:35+00:00,2017-02-27 13:45:17+00:00,2017-02-27 13:45:18+00:00,72,1,2263,4,3
0,Y3Vyc29yOnYyOpHOBm7muQ==,freeCodeCamp/freeCodeCamp,MERGED,2017-02-24 23:56:35+00:00,2017-03-09 09:02:26+00:00,2017-03-09 09:02:26+00:00,288,1,2005,4,3
0,Y3Vyc29yOnYyOpHOBm8umg==,freeCodeCamp/freeCodeCamp,MERGED,2017-02-25 06:39:08+00:00,2017-02-27 17:31:36+00:00,2017-02-27 17:31:36+00:00,48,1,2389,4,3
0,Y3Vyc29yOnYyOpHOBm9QQA==,freeCodeCamp/freeCodeCamp,CLOSED,2017-02-25 11:53:19+00:00,,2017-02-28 13:44:21+00:00,72,1,2055,4,7
0,Y3Vyc29yOnYyOpHOBm9n8A==,freeCodeCamp/freeCodeCamp,MERGED,2017-02-25 15:22:45+00:00,2017-05-03 23:04:00+00:00,2017-05-03 23:04:00+00:00,1608,23,1966,6,3
0,Y3Vyc29yOnYyOpHOBm-3Uw==,freeCodeCamp/freeCodeCamp,MERGED,2017-02-26 01:07:12+00:00,2017-03-09 08:52:32+00:00,2017-03-09 08:52:32+00:00,264,1,2935,4,1
0,Y3Vyc29yOnYyOpHOBnBWuA==,freeCodeCamp/freeCodeCamp,MERGED,2017-02-26 22:32:11+00:00,2017-03-12 00:22:59+00:00,2017-03-12 00:22:59+00:00,312,1,2124,5,10
0,Y3Vyc29yOnYyOpHOBnDLgw==,freeCodeCamp/freeCodeCamp,MERGED,2017-02-27 06:42:03+00:00,2017-03-02 18:56:13+00:00,2017-03-02 18:56:13+00:00,72,4,1913,3,2
0,Y3Vyc29yOnYyOpHOBnLrHg==,freeCodeCamp/freeCodeCamp,MERGED,2017-02-27 20:29:06+00:00,2017-03-22 05:59:21+00:00,2017-03-22 05:59:21+00:00,528,1,2009,5,6
0,Y3Vyc29yOnYyOpHOBnMA0Q==,freeCodeCamp/freeCodeCamp,MERGED,2017-02-27 21:00:00+00:00,2017-03-01 11:07:41+00:00,2017-03-01 11:07:41+00:00,24,1,2460,3,1
0,Y3Vyc29yOnYyOpHOBnOSAQ==,freeCodeCamp/freeCodeCamp,MERGED,2017-02-28 01:07:53+00:00,2017-03-03 08:00:56+00:00,2017-03-03 08:00:56+00:00,72,1,3213,4,1
0,Y3Vyc29yOnYyOpHOBnkaKA==,freeCodeCamp/freeCodeCamp,MERGED,2017-03-01 18:29:40+00:00,2017-04-17 21:39:53+00:00,2017-04-17 21:39:53+00:00,1128,4,552,5,7
0,Y3Vyc29yOnYyOpHOBnuumA==,freeCodeCamp/freeCodeCamp,CLOSED,2017-03-02 14:21:45+00:00,,2017-04-23 19:38:28+00:00,1248,1,2318,6,3
0,Y3Vyc29yOnYyOpHOBn1aeA==,freeCodeCamp/freeCodeCamp,MERGED,2017-03-02 23:54:17+00:00,2017-03-17 05:28:39+00:00,2017-03-17 05:28:39+00:00,336,1,2571,3,1
0,Y3Vyc29yOnYyOpHOBn2HvQ==,freeCodeCamp/freeCodeCamp,MERGED,2017-03-03 01:36:02+00:00,2017-03-05 00:06:58+00:00,2017-03-05 00:06:58+00:00,24,1,2543,4,3
0,Y3Vyc29yOnYyOpHOBn3aQQ==,freeCodeCamp/freeCodeCamp,MERGED,2017-03-03 05:46:09+00:00,2017-03-11 03:25:17+00:00,2017-03-11 03:25:17+00:00,168,1,2051,4,1
0,Y3Vyc29yOnYyOpHOBn6voA==,freeCodeCamp/freeCodeCamp,CLOSED,2017-03-03 12:42:19+00:00,,2017-04-24 10:45:29+00:00,1224,1,2003,6,5
0,Y3Vyc29yOnYyOpHOBn9M2A==,freeCodeCamp/freeCodeCamp,MERGED,2017-03-03 16:22:12+00:00,2017-03-22 05:58:14+00:00,2017-03-22 05:58:14+00:00,432,1,2085,6,4
0,Y3Vyc29yOnYyOpHOBn98yQ==,freeCodeCamp/freeCodeCamp,MERGED,2017-03-03 17:26:11+00:00,2017-03-04 22:21:35+00:00,2017-03-04 22:21:35+00:00,24,2,2272,6,9
0,Y3Vyc29yOnYyOpHOBoEtkQ==,freeCodeCamp/freeCodeCamp,MERGED,2017-03-05 00:20:20+00:00,2017-06-14 22:08:35+00:00,2017-06-14 22:08:35+00:00,2424,2,1723,6,6
0,Y3Vyc29yOnYyOpHOBoF6PA==,freeCodeCamp/freeCodeCamp,MERGED,2017-03-05 13:42:48+00:00,2017-03-09 22:11:42+00:00,2017-03-09 22:11:42+00:00,96,1,2353,5,3
0,Y3Vyc29yOnYyOpHOBoHQng==,freeCodeCamp/freeCodeCamp,MERGED,2017-03-05 23:18:36+00:00,2017-03-08 05:43:36+00:00,2017-03-08 05:43:36+00:00,48,1,2112,3,1
0,Y3Vyc29yOnYyOpHOBoHiWA==,freeCodeCamp/freeCodeCamp,MERGED,2017-03-06 01:05:53+00:00,2017-04-26 22:02:08+00:00,2017-04-26 22:02:08+00:00,1224,1,3473,6,8
0,Y3Vyc29yOnYyOpHOBoLuTw==,freeCodeCamp/freeCodeCamp,MERGED,2017-03-06 12:01:12+00:00,2017-03-09 21:52:36+00:00,2017-03-09 21:52:36+00:00,72,1,2213,5,7
0,Y3Vyc29yOnYyOpHOBosvcw==,freeCodeCamp/freeCodeCamp,MERGED,2017-03-08 21:09:47+00:00,2017-03-12 15:42:49+00:00,2017-03-12 15:42:49+00:00,72,1,1880,4,7
0,Y3Vyc29yOnYyOpHOBo2yhA==,freeCodeCamp/freeCodeCamp,CLOSED,2017-03-09 16:17:38+00:00,,2017-04-01 08:08:14+00:00,528,1,2017,6,1
0,Y3Vyc29yOnYyOpHOBpNIGg==,freeCodeCamp/freeCodeCamp,MERGED,2017-03-12 21:13:03+00:00,2017-03-14 05:41:38+00:00,2017-03-14 05:41:38+00:00,24,1,2051,3,1
0,Y3Vyc29yOnYyOpHOBpUqRw==,freeCodeCamp/freeCodeCamp,MERGED,2017-03-13 16:08:01+00:00,2017-04-23 20:02:49+00:00,2017-04-23 20:02:49+00:00,984,1,2771,5,1
0,Y3Vyc29yOnYyOpHOBp2I3g==,freeCodeCamp/freeCodeCamp,MERGED,2017-03-16 03:35:53+00:00,2017-03-17 19:48:40+00:00,2017-03-17 19:48:41+00:00,24,1,2513,3,1
0,Y3Vyc29yOnYyOpHOBqCGqA==,freeCodeCamp/freeCodeCamp,MERGED,2017-03-16 23:03:22+00:00,2017-03-18 03:07:57+00:00,2017-03-18 03:07:57+00:00,24,2,2101,5,5
0,Y3Vyc29yOnYyOpHOBqPz0g==,freeCodeCamp/freeCodeCamp,MERGED,2017-03-18 12:06:59+00:00,2017-03-26 08:40:10+00:00,2017-03-26 08:40:10+00:00,168,1,2380,5,7
0,Y3Vyc29yOnYyOpHOBqQwaQ==,freeCodeCamp/freeCodeCamp,MERGED,2017-03-18 20:07:45+00:00,2017-03-21 20:03:14+00:00,2017-03-21 20:03:14+00:00,48,1,2018,5,1
0,Y3Vyc29yOnYyOpHOBqRtIQ==,freeCodeCamp/freeCodeCamp,MERGED,2017-03-19 06:33:50+00:00,2017-04-28 15:59:59+00:00,2017-04-28 15:59:59+00:00,960,1,2317,6,1
0,Y3Vyc29yOnYyOpHOBqV46A==,freeCodeCamp/freeCodeCamp,MERGED,2017-03-20 08:49:00+00:00,2017-03-21 16:17:03+00:00,2017-03-21 16:17:03+00:00,24,1,2006,4,1
0,Y3Vyc29yOnYyOpHOBqXKew==,freeCodeCamp/freeCodeCamp,CLOSED,2017-03-20 11:04:00+00:00,,2017-09-02 01:10:05+00:00,3960,1,4946,3,1
0,Y3Vyc29yOnYyOpHOBq5DjA==,freeCodeCamp/freeCodeCamp,MERGED,2017-03-22 18:48:11+00:00,2017-03-24 18:34:22+00:00,2017-03-24 18:34:22+00:00,24,11,1973,6,4
0,Y3Vyc29yOnYyOpHOBq-6nQ==,freeCodeCamp/freeCodeCamp,MERGED,2017-03-23 07:53:47+00:00,2017-03-30 19:10:00+00:00,2017-03-30 19:10:00+00:00,168,2,2257,4,3
0,Y3Vyc29yOnYyOpHOBrc37g==,freeCodeCamp/freeCodeCamp,MERGED,2017-03-27 05:18:52+00:00,2017-04-24 15:50:14+00:00,2017-04-24 15:50:14+00:00,672,1,2176,3,2
0,Y3Vyc29yOnYyOpHOBreCiQ==,freeCodeCamp/freeCodeCamp,MERGED,2017-03-27 08:15:10+00:00,2017-04-19 16:09:13+00:00,2017-04-19 16:09:13+00:00,552,5,2022,6,13
0,Y3Vyc29yOnYyOpHOBrgRZQ==,freeCodeCamp/freeCodeCamp,MERGED,2017-03-27 11:47:38+00:00,2017-04-04 21:51:29+00:00,2017-04-04 21:51:29+00:00,192,1,2302,4,2
0,Y3Vyc29yOnYyOpHOBrn7-Q==,freeCodeCamp/freeCodeCamp,MERGED,2017-03-27 22:23:21+00:00,2017-03-29 07:00:48+00:00,2017-03-29 07:00:48+00:00,24,1,1960,3,1
0,Y3Vyc29yOnYyOpHOBr95pA==,freeCodeCamp/freeCodeCamp,CLOSED,2017-03-29 14:30:22+00:00,,2017-04-04 21:23:12+00:00,144,1,8010,3,1
0,Y3Vyc29yOnYyOpHOBsOyCw==,freeCodeCamp/freeCodeCamp,MERGED,2017-03-30 17:59:00+00:00,2017-04-24 16:01:44+00:00,2017-04-24 16:01:45+00:00,576,1,2163,3,1
0,Y3Vyc29yOnYyOpHOBsS4DQ==,freeCodeCamp/freeCodeCamp,MERGED,2017-03-31 01:04:38+00:00,2017-04-16 17:04:58+00:00,2017-04-16 17:04:58+00:00,384,1,2006,4,1
0,Y3Vyc29yOnYyOpHOBsTLYQ==,freeCodeCamp/freeCodeCamp,MERGED,2017-03-31 02:05:09+00:00,2017-04-05 11:56:30+00:00,2017-04-05 11:56:30+00:00,120,1,1966,4,1
0,Y3Vyc29yOnYyOpHOBshUZA==,freeCodeCamp/freeCodeCamp,MERGED,2017-04-01 19:48:17+00:00,2017-04-16 16:54:25+00:00,2017-04-16 16:54:25+00:00,336,1,2326,5,1
0,Y3Vyc29yOnYyOpHOBsjMzg==,freeCodeCamp/freeCodeCamp,CLOSED,2017-04-02 15:40:32+00:00,,2017-09-02 01:08:57+00:00,3648,1,2044,5,5
0,Y3Vyc29yOnYyOpHOBsjXXg==,freeCodeCamp/freeCodeCamp,CLOSED,2017-04-02 16:56:37+00:00,,2017-09-02 03:27:11+00:00,3648,1,2041,5,3
0,Y3Vyc29yOnYyOpHOBtXVkw==,freeCodeCamp/freeCodeCamp,MERGED,2017-04-06 19:30:08+00:00,2017-04-13 13:38:15+00:00,2017-04-13 13:38:16+00:00,144,1,2003,4,1
0,Y3Vyc29yOnYyOpHOBt3K-A==,freeCodeCamp/freeCodeCamp,MERGED,2017-04-10 21:42:57+00:00,2017-04-13 20:48:26+00:00,2017-04-13 20:48:26+00:00,48,1,2278,5,1
0,Y3Vyc29yOnYyOpHOBufwIQ==,freeCodeCamp/freeCodeCamp,MERGED,2017-04-13 23:45:12+00:00,2017-07-26 01:37:24+00:00,2017-07-26 01:37:25+00:00,2472,1,2438,6,1
0,Y3Vyc29yOnYyOpHOBuoOLg==,freeCodeCamp/freeCodeCamp,MERGED,2017-04-14 23:17:04+00:00,2017-04-24 16:20:58+00:00,2017-04-24 16:20:58+00:00,216,1,1986,3,1
0,Y3Vyc29yOnYyOpHOBvDYcA==,freeCodeCamp/freeCodeCamp,MERGED,2017-04-19 00:23:47+00:00,2017-04-21 10:51:56+00:00,2017-04-21 10:51:56+00:00,48,1,0,2,1
0,Y3Vyc29yOnYyOpHOBvU8Ug==,freeCodeCamp/freeCodeCamp,CLOSED,2017-04-20 10:07:02+00:00,,2017-09-02 01:08:58+00:00,3216,1,2169,3,2
0,Y3Vyc29yOnYyOpHOBvaqWg==,freeCodeCamp/freeCodeCamp,MERGED,2017-04-20 17:54:08+00:00,2017-06-13 03:00:38+00:00,2017-06-13 03:00:38+00:00,1272,1,2403,5,1
0,Y3Vyc29yOnYyOpHOBvlsdQ==,freeCodeCamp/freeCodeCamp,MERGED,2017-04-21 15:24:18+00:00,2017-04-24 16:48:29+00:00,2017-04-24 16:48:29+00:00,72,1,2068,3,1
0,Y3Vyc29yOnYyOpHOBvtlSQ==,freeCodeCamp/freeCodeCamp,MERGED,2017-04-23 06:46:43+00:00,2017-06-27 12:10:25+00:00,2017-06-27 12:10:25+00:00,1560,1,2496,3,1
0,Y3Vyc29yOnYyOpHOBv5ofg==,freeCodeCamp/freeCodeCamp,MERGED,2017-04-24 19:11:17+00:00,2017-06-27 12:33:38+00:00,2017-06-27 12:33:38+00:00,1512,1,2579,5,2
0,Y3Vyc29yOnYyOpHOBwIT6A==,freeCodeCamp/freeCodeCamp,MERGED,2017-04-25 20:43:37+00:00,2017-04-27 07:23:04+00:00,2017-04-27 07:23:04+00:00,24,1,1990,5,2
0,Y3Vyc29yOnYyOpHOBwWysg==,freeCodeCamp/freeCodeCamp,MERGED,2017-04-26 21:28:22+00:00,2017-05-03 19:52:58+00:00,2017-05-03 19:52:58+00:00,144,1,911,5,1
0,Y3Vyc29yOnYyOpHOBwX9cw==,freeCodeCamp/freeCodeCamp,MERGED,2017-04-26 23:47:47+00:00,2017-05-19 04:46:36+00:00,2017-05-19 04:46:36+00:00,528,3,93,3,4
0,Y3Vyc29yOnYyOpHOBwmsbQ==,freeCodeCamp/freeCodeCamp,CLOSED,2017-04-28 03:38:04+00:00,,2017-05-15 17:27:09+00:00,408,4,2361,2,7
0,Y3Vyc29yOnYyOpHOBw7muw==,freeCodeCamp/freeCodeCamp,MERGED,2017-05-01 18:39:51+00:00,2017-05-04 13:00:41+00:00,2017-05-04 13:00:41+00:00,48,1,2069,4,1
0,Y3Vyc29yOnYyOpHOBxWCCQ==,freeCodeCamp/freeCodeCamp,MERGED,2017-05-03 20:40:49+00:00,2017-07-02 17:03:52+00:00,2017-07-02 17:03:53+00:00,1416,1,1429,3,1
0,Y3Vyc29yOnYyOpHOByEThw==,freeCodeCamp/freeCodeCamp,MERGED,2017-05-09 08:31:15+00:00,2017-05-14 17:52:52+00:00,2017-05-14 17:52:52+00:00,120,1,2174,3,1
0,Y3Vyc29yOnYyOpHOByO1Sg==,freeCodeCamp/freeCodeCamp,MERGED,2017-05-10 00:21:50+00:00,2017-05-30 18:29:27+00:00,2017-05-30 18:29:28+00:00,480,1,1456,4,5
0,Y3Vyc29yOnYyOpHOByoUuw==,freeCodeCamp/freeCodeCamp,MERGED,2017-05-11 20:50:34+00:00,2017-05-14 17:42:24+00:00,2017-05-14 17:42:24+00:00,48,1,2057,3,1
0,Y3Vyc29yOnYyOpHOBy1iNA==,freeCodeCamp/freeCodeCamp,MERGED,2017-05-12 22:05:39+00:00,2017-05-14 17:39:28+00:00,2017-05-14 17:39:29+00:00,24,1,2144,3,1
0,Y3Vyc29yOnYyOpHOBy3gmA==,freeCodeCamp/freeCodeCamp,MERGED,2017-05-13 12:44:14+00:00,2017-05-14 17:19:40+00:00,2017-05-14 17:19:40+00:00,24,1,2133,4,1
0,Y3Vyc29yOnYyOpHOBy39kA==,freeCodeCamp/freeCodeCamp,MERGED,2017-05-13 16:36:04+00:00,2017-05-14 17:23:17+00:00,2017-05-14 17:23:17+00:00,24,1,1987,4,1
0,Y3Vyc29yOnYyOpHOBzJ73w==,freeCodeCamp/freeCodeCamp,CLOSED,2017-05-16 05:50:08+00:00,,2017-06-21 22:40:38+00:00,864,1,1980,3,1
0,Y3Vyc29yOnYyOpHOBzhz3Q==,freeCodeCamp/freeCodeCamp,MERGED,2017-05-17 20:01:06+00:00,2017-05-25 02:20:45+00:00,2017-05-25 02:20:45+00:00,168,1,2249,3,1
0,Y3Vyc29yOnYyOpHOBzk5dQ==,freeCodeCamp/freeCodeCamp,CLOSED,2017-05-18 02:47:26+00:00,,2017-09-02 01:08:58+00:00,2544,36,4118,4,4
0,Y3Vyc29yOnYyOpHOBz9PuA==,freeCodeCamp/freeCodeCamp,MERGED,2017-05-19 21:55:59+00:00,2017-05-30 02:04:04+00:00,2017-05-30 02:04:04+00:00,240,1,2052,2,1
0,Y3Vyc29yOnYyOpHOBz-bQg==,freeCodeCamp/freeCodeCamp,MERGED,2017-05-20 03:33:13+00:00,2017-06-05 15:46:05+00:00,2017-06-05 15:46:05+00:00,384,6,2097,5,10
0,Y3Vyc29yOnYyOpHOB0CRvw==,freeCodeCamp/freeCodeCamp,MERGED,2017-05-21 19:09:58+00:00,2017-06-21 22:43:41+00:00,2017-06-21 22:43:41+00:00,744,2,2116,5,3
0,Y3Vyc29yOnYyOpHOB0emPA==,freeCodeCamp/freeCodeCamp,MERGED,2017-05-24 03:03:35+00:00,2017-08-09 01:22:10+00:00,2017-08-09 01:22:10+00:00,1824,5,3715,4,4
0,Y3Vyc29yOnYyOpHOB08JRQ==,freeCodeCamp/freeCodeCamp,MERGED,2017-05-26 11:00:32+00:00,2017-05-30 16:45:12+00:00,2017-05-30 16:45:12+00:00,96,1,2320,4,2
0,Y3Vyc29yOnYyOpHOB0_pvw==,freeCodeCamp/freeCodeCamp,MERGED,2017-05-26 16:30:03+00:00,2017-05-30 01:55:26+00:00,2017-05-30 01:55:26+00:00,72,1,1984,3,1
0,Y3Vyc29yOnYyOpHOB1BHhQ==,freeCodeCamp/freeCodeCamp,MERGED,2017-05-26 18:59:42+00:00,2017-06-10 05:55:01+00:00,2017-06-10 05:55:01+00:00,336,3,563,4,3
0,Y3Vyc29yOnYyOpHOB1FakA==,freeCodeCamp/freeCodeCamp,MERGED,2017-05-27 19:36:13+00:00,2017-05-29 22:00:22+00:00,2017-05-29 22:00:22+00:00,48,1,2195,5,2
0,Y3Vyc29yOnYyOpHOB1xZMQ==,freeCodeCamp/freeCodeCamp,MERGED,2017-06-01 12:58:18+00:00,2017-06-27 12:42:39+00:00,2017-06-27 12:42:39+00:00,600,1,1774,3,1
0,Y3Vyc29yOnYyOpHOB2GVYA==,freeCodeCamp/freeCodeCamp,MERGED,2017-06-03 09:04:24+00:00,2017-07-17 23:33:41+00:00,2017-07-17 23:33:41+00:00,1056,4,28,4,1
0,Y3Vyc29yOnYyOpHOB2JLlw==,freeCodeCamp/freeCodeCamp,CLOSED,2017-06-04 15:54:28+00:00,,2017-09-02 01:08:59+00:00,2136,4,261,3,17
0,Y3Vyc29yOnYyOpHOB2OlkQ==,freeCodeCamp/freeCodeCamp,MERGED,2017-06-05 12:50:31+00:00,2017-06-10 06:09:14+00:00,2017-06-10 06:09:15+00:00,96,1,61,3,1
0,Y3Vyc29yOnYyOpHOB3MHQQ==,freeCodeCamp/freeCodeCamp,MERGED,2017-06-10 05:27:21+00:00,2017-06-11 19:51:17+00:00,2017-06-11 19:51:17+00:00,24,11,2000,3,2
0,Y3Vyc29yOnYyOpHOB3NbBQ==,freeCodeCamp/freeCodeCamp,MERGED,2017-06-10 18:38:32+00:00,2017-06-11 23:15:34+00:00,2017-06-11 23:15:34+00:00,24,1,104,3,1
0,Y3Vyc29yOnYyOpHOB3qigQ==,freeCodeCamp/freeCodeCamp,MERGED,2017-06-13 22:43:13+00:00,2017-07-02 10:57:20+00:00,2017-07-02 10:57:20+00:00,432,1,2052,4,1
0,Y3Vyc29yOnYyOpHOB4SxcA==,freeCodeCamp/freeCodeCamp,MERGED,2017-06-17 00:50:32+00:00,2017-06-26 23:30:12+00:00,2017-06-26 23:30:12+00:00,216,1,2050,4,1
0,Y3Vyc29yOnYyOpHOB4UfRg==,freeCodeCamp/freeCodeCamp,MERGED,2017-06-17 19:02:52+00:00,2017-06-27 13:15:47+00:00,2017-06-27 13:15:47+00:00,216,1,1978,4,1
0,Y3Vyc29yOnYyOpHOB4Up3A==,freeCodeCamp/freeCodeCamp,MERGED,2017-06-17 20:39:34+00:00,2017-06-20 02:43:51+00:00,2017-06-20 02:43:52+00:00,48,1,2031,5,1
0,Y3Vyc29yOnYyOpHOB4Uypw==,freeCodeCamp/freeCodeCamp,MERGED,2017-06-17 22:12:09+00:00,2017-06-21 22:30:31+00:00,2017-06-21 22:30:31+00:00,96,7,2149,4,3
0,Y3Vyc29yOnYyOpHOB4W_CA==,freeCodeCamp/freeCodeCamp,MERGED,2017-06-18 23:07:03+00:00,2017-06-27 12:51:37+00:00,2017-06-27 12:51:37+00:00,192,1,2165,3,1
0,Y3Vyc29yOnYyOpHOB5KDJg==,freeCodeCamp/freeCodeCamp,MERGED,2017-06-22 17:07:55+00:00,2017-06-27 12:45:14+00:00,2017-06-27 12:45:14+00:00,96,1,1667,4,1
0,Y3Vyc29yOnYyOpHOB5XOeQ==,freeCodeCamp/freeCodeCamp,MERGED,2017-06-23 17:57:24+00:00,2017-06-26 17:44:19+00:00,2017-06-26 17:44:19+00:00,48,14,1714,3,2
0,Y3Vyc29yOnYyOpHOB5YOrQ==,freeCodeCamp/freeCodeCamp,MERGED,2017-06-23 19:36:28+00:00,2017-09-26 04:03:45+00:00,2017-09-26 04:03:45+00:00,2256,6,2221,5,2
0,Y3Vyc29yOnYyOpHOB5b3qA==,freeCodeCamp/freeCodeCamp,MERGED,2017-06-24 15:56:17+00:00,2017-07-01 17:50:42+00:00,2017-07-01 17:50:42+00:00,168,1,1984,5,1
0,Y3Vyc29yOnYyOpHOB5oC5w==,freeCodeCamp/freeCodeCamp,MERGED,2017-06-26 18:27:50+00:00,2017-09-06 01:32:59+00:00,2017-09-06 01:33:00+00:00,1704,1,2014,6,1
0,Y3Vyc29yOnYyOpHOB5rJ9w==,freeCodeCamp/freeCodeCamp,MERGED,2017-06-26 23:31:31+00:00,2017-06-28 16:54:18+00:00,2017-06-28 16:54:19+00:00,24,1,2121,4,1
0,Y3Vyc29yOnYyOpHOB5ztig==,freeCodeCamp/freeCodeCamp,MERGED,2017-06-27 15:31:37+00:00,2017-07-02 17:19:07+00:00,2017-07-02 17:19:07+00:00,120,1,1690,4,6
0,Y3Vyc29yOnYyOpHOB6EvQw==,freeCodeCamp/freeCodeCamp,MERGED,2017-06-28 19:43:20+00:00,2017-07-02 14:15:23+00:00,2017-07-02 14:15:23+00:00,72,1,1726,5,4
0,Y3Vyc29yOnYyOpHOB6meqw==,freeCodeCamp/freeCodeCamp,MERGED,2017-07-03 05:35:42+00:00,2017-07-05 21:49:58+00:00,2017-07-05 21:49:58+00:00,48,3,88,3,1
0,Y3Vyc29yOnYyOpHOB7-tsg==,freeCodeCamp/freeCodeCamp,MERGED,2017-07-11 20:49:36+00:00,2017-09-04 08:16:51+00:00,2017-09-04 08:16:51+00:00,1296,1,2120,5,2
0,Y3Vyc29yOnYyOpHOB8BARg==,freeCodeCamp/freeCodeCamp,MERGED,2017-07-12 01:47:05+00:00,2017-07-13 18:39:08+00:00,2017-07-13 18:39:08+00:00,24,17,685,2,1
0,Y3Vyc29yOnYyOpHOB8CNaQ==,freeCodeCamp/freeCodeCamp,CLOSED,2017-07-12 05:49:35+00:00,,2017-09-02 01:08:59+00:00,1224,1,2059,4,3
0,Y3Vyc29yOnYyOpHOB8tzIQ==,freeCodeCamp/freeCodeCamp,MERGED,2017-07-17 01:07:33+00:00,2017-10-17 17:41:46+00:00,2017-10-17 17:41:46+00:00,2208,1,2518,5,10
0,Y3Vyc29yOnYyOpHOB8uQAQ==,freeCodeCamp/freeCodeCamp,CLOSED,2017-07-17 03:47:38+00:00,,2017-10-17 19:21:36+00:00,2208,1,2268,8,11
0,Y3Vyc29yOnYyOpHOB9ffug==,freeCodeCamp/freeCodeCamp,MERGED,2017-07-20 15:45:29+00:00,2017-08-01 16:22:24+00:00,2017-08-01 16:22:24+00:00,288,1,2026,4,3
0,Y3Vyc29yOnYyOpHOB9iBPg==,freeCodeCamp/freeCodeCamp,MERGED,2017-07-20 19:14:46+00:00,2017-07-31 20:50:14+00:00,2017-07-31 20:50:15+00:00,264,1,1980,3,2
0,Y3Vyc29yOnYyOpHOB90c7g==,freeCodeCamp/freeCodeCamp,MERGED,2017-07-23 11:46:37+00:00,2017-07-28 15:42:06+00:00,2017-07-28 15:42:06+00:00,120,1,3031,5,25
0,Y3Vyc29yOnYyOpHOB-FNmg==,freeCodeCamp/freeCodeCamp,MERGED,2017-07-25 06:36:00+00:00,2017-07-28 13:43:30+00:00,2017-07-28 13:43:30+00:00,72,1,2139,4,1
0,Y3Vyc29yOnYyOpHOB_5ZQA==,freeCodeCamp/freeCodeCamp,MERGED,2017-08-04 07:49:48+00:00,2017-08-06 02:17:14+00:00,2017-08-06 02:17:14+00:00,24,1,2104,5,3
0,Y3Vyc29yOnYyOpHOCAFHRg==,freeCodeCamp/freeCodeCamp,MERGED,2017-08-05 18:58:43+00:00,2017-08-11 19:51:04+00:00,2017-08-11 19:51:04+00:00,144,7,1945,6,6
0,Y3Vyc29yOnYyOpHOCBDMzg==,freeCodeCamp/freeCodeCamp,MERGED,2017-08-11 11:47:55+00:00,2017-10-20 14:28:32+00:00,2017-10-20 14:28:32+00:00,1680,1,2041,7,5
0,Y3Vyc29yOnYyOpHOCBMp3Q==,freeCodeCamp/freeCodeCamp,MERGED,2017-08-12 21:36:06+00:00,2017-09-04 21:22:05+00:00,2017-09-04 21:22:06+00:00,528,1,1978,5,4
0,Y3Vyc29yOnYyOpHOCCOW7Q==,freeCodeCamp/freeCodeCamp,MERGED,2017-08-18 19:36:00+00:00,2017-09-06 05:04:27+00:00,2017-09-06 05:04:27+00:00,432,15,71,5,2
0,Y3Vyc29yOnYyOpHOCCO18A==,freeCodeCamp/freeCodeCamp,MERGED,2017-08-18 20:25:37+00:00,2017-08-21 21:53:55+00:00,2017-08-21 21:53:55+00:00,72,2,2218,3,2
0,Y3Vyc29yOnYyOpHOCCT84Q==,freeCodeCamp/freeCodeCamp,MERGED,2017-08-20 12:41:23+00:00,2017-09-11 07:53:16+00:00,2017-09-11 07:53:17+00:00,504,1,2380,4,5
0,Y3Vyc29yOnYyOpHOCCgFxQ==,freeCodeCamp/freeCodeCamp,MERGED,2017-08-21 20:50:45+00:00,2017-09-03 22:38:21+00:00,2017-09-03 22:38:21+00:00,312,3,2205,6,2
0,Y3Vyc29yOnYyOpHOCCoYCA==,freeCodeCamp/freeCodeCamp,CLOSED,2017-08-22 13:12:34+00:00,,2017-09-02 03:27:58+00:00,240,1,6099,4,2
0,Y3Vyc29yOnYyOpHOCC-5hw==,freeCodeCamp/freeCodeCamp,MERGED,2017-08-24 00:21:15+00:00,2017-09-16 02:19:25+00:00,2017-09-16 02:19:26+00:00,552,1,924,6,4
0,Y3Vyc29yOnYyOpHOCDMuSQ==,freeCodeCamp/freeCodeCamp,CLOSED,2017-08-24 23:19:48+00:00,,2017-12-13 06:31:08+00:00,2640,1,1032,5,1
0,Y3Vyc29yOnYyOpHOCDM5yA==,freeCodeCamp/freeCodeCamp,MERGED,2017-08-24 23:48:01+00:00,2017-09-01 02:11:37+00:00,2017-09-01 02:11:37+00:00,168,3,1322,5,6
0,Y3Vyc29yOnYyOpHOCDYlPA==,freeCodeCamp/freeCodeCamp,MERGED,2017-08-25 22:12:04+00:00,2017-09-01 02:05:51+00:00,2017-09-01 02:05:51+00:00,144,40,1104,5,2
0,Y3Vyc29yOnYyOpHOCDeESg==,freeCodeCamp/freeCodeCamp,CLOSED,2017-08-28 00:59:39+00:00,,2017-10-14 16:52:08+00:00,1128,1,50,4,1
0,Y3Vyc29yOnYyOpHOCDwdOw==,freeCodeCamp/freeCodeCamp,MERGED,2017-08-29 11:46:49+00:00,2017-09-02 02:09:21+00:00,2017-09-02 02:09:21+00:00,72,1,2251,5,2
0,Y3Vyc29yOnYyOpHOCEj3sQ==,freeCodeCamp/freeCodeCamp,MERGED,2017-09-02 04:43:46+00:00,2017-11-01 20:45:52+00:00,2017-11-01 20:45:52+00:00,1440,1,2352,6,4
0,Y3Vyc29yOnYyOpHOCEsE-Q==,freeCodeCamp/freeCodeCamp,MERGED,2017-09-04 11:08:53+00:00,2017-09-08 07:19:18+00:00,2017-09-08 07:19:19+00:00,72,2,2647,5,4
0,Y3Vyc29yOnYyOpHOCF_H0Q==,freeCodeCamp/freeCodeCamp,MERGED,2017-09-12 06:04:58+00:00,2017-10-06 00:26:27+00:00,2017-10-06 00:26:27+00:00,552,1,1991,6,1
0,Y3Vyc29yOnYyOpHOCGENNA==,freeCodeCamp/freeCodeCamp,CLOSED,2017-09-12 13:22:41+00:00,,2017-09-15 08:24:12+00:00,48,1,2290,4,4
0,Y3Vyc29yOnYyOpHOCGokrw==,freeCodeCamp/freeCodeCamp,MERGED,2017-09-14 20:50:12+00:00,2017-09-17 10:14:51+00:00,2017-09-17 10:14:51+00:00,48,1,2011,4,1
0,Y3Vyc29yOnYyOpHOCG7N6w==,freeCodeCamp/freeCodeCamp,MERGED,2017-09-17 09:33:41+00:00,2017-10-03 21:03:00+00:00,2017-10-03 21:03:00+00:00,384,3,294,3,1
0,Y3Vyc29yOnYyOpHOCG9XSg==,freeCodeCamp/freeCodeCamp,CLOSED,2017-09-18 02:18:08+00:00,,2017-12-20 20:02:01+00:00,2232,2,2228,3,3
0,Y3Vyc29yOnYyOpHOCHKnZQ==,freeCodeCamp/freeCodeCamp,CLOSED,2017-09-19 00:08:48+00:00,,2017-10-17 21:26:36+00:00,672,1,2054,5,1
0,Y3Vyc29yOnYyOpHOCIUqcA==,freeCodeCamp/freeCodeCamp,MERGED,2017-09-25 17:52:26+00:00,2017-09-27 06:06:22+00:00,2017-09-27 06:06:22+00:00,24,1,2060,4,2
0,Y3Vyc29yOnYyOpHOCJdg_A==,freeCodeCamp/freeCodeCamp,MERGED,2017-10-02 09:06:32+00:00,2017-10-17 19:24:57+00:00,2017-10-17 19:24:57+00:00,360,1,1838,4,2
0,Y3Vyc29yOnYyOpHOCJfeBQ==,freeCodeCamp/freeCodeCamp,MERGED,2017-10-02 12:21:59+00:00,2017-10-23 19:27:47+00:00,2017-10-23 19:27:47+00:00,504,1,1620,3,1
0,Y3Vyc29yOnYyOpHOCJlUyQ==,freeCodeCamp/freeCodeCamp,MERGED,2017-10-02 19:43:07+00:00,2017-10-04 05:56:15+00:00,2017-10-04 05:56:15+00:00,24,2,1163,4,2
0,Y3Vyc29yOnYyOpHOCJ4ecQ==,freeCodeCamp/freeCodeCamp,MERGED,2017-10-04 04:27:19+00:00,2017-10-06 21:06:27+00:00,2017-10-06 21:06:27+00:00,48,1,167,5,6
0,Y3Vyc29yOnYyOpHOCKAwGA==,freeCodeCamp/freeCodeCamp,MERGED,2017-10-04 16:24:27+00:00,2017-10-08 13:48:35+00:00,2017-10-08 13:48:35+00:00,72,2,2043,4,3
0,Y3Vyc29yOnYyOpHOCKTbvw==,freeCodeCamp/freeCodeCamp,MERGED,2017-10-05 21:09:46+00:00,2017-10-11 00:15:41+00:00,2017-10-11 00:15:41+00:00,120,1,1904,4,6
0,Y3Vyc29yOnYyOpHOCKjDDQ==,freeCodeCamp/freeCodeCamp,MERGED,2017-10-07 05:06:29+00:00,2017-10-23 20:04:10+00:00,2017-10-23 20:04:11+00:00,384,1,2459,3,1
0,Y3Vyc29yOnYyOpHOCLmLLw==,freeCodeCamp/freeCodeCamp,MERGED,2017-10-13 05:59:34+00:00,2017-10-14 16:46:21+00:00,2017-10-14 16:46:22+00:00,24,2,2166,6,1
0,Y3Vyc29yOnYyOpHOCL1JLw==,freeCodeCamp/freeCodeCamp,MERGED,2017-10-14 21:43:25+00:00,2017-10-17 18:19:07+00:00,2017-10-17 18:19:07+00:00,48,1,1948,3,1
0,Y3Vyc29yOnYyOpHOCL5IvA==,freeCodeCamp/freeCodeCamp,CLOSED,2017-10-16 03:08:02+00:00,,2017-12-13 06:29:19+00:00,1392,2,2471,3,1
0,Y3Vyc29yOnYyOpHOCMTKQA==,freeCodeCamp/freeCodeCamp,MERGED,2017-10-17 18:13:15+00:00,2017-10-25 05:00:31+00:00,2017-10-25 05:00:32+00:00,168,1,1972,5,3
0,Y3Vyc29yOnYyOpHOCMlJ7w==,freeCodeCamp/freeCodeCamp,MERGED,2017-10-18 21:01:33+00:00,2018-01-04 10:58:30+00:00,2018-01-04 10:58:30+00:00,1848,1,1978,6,2
0,Y3Vyc29yOnYyOpHOCMpZEQ==,freeCodeCamp/freeCodeCamp,MERGED,2017-10-19 06:52:13+00:00,2017-11-27 20:40:57+00:00,2017-11-27 20:40:57+00:00,936,7,436,4,2
0,Y3Vyc29yOnYyOpHOCMqZ5w==,freeCodeCamp/freeCodeCamp,CLOSED,2017-10-19 08:31:42+00:00,,2017-11-26 00:41:04+00:00,888,1,1926,5,1
0,Y3Vyc29yOnYyOpHOCMq2uQ==,freeCodeCamp/freeCodeCamp,MERGED,2017-10-19 09:07:53+00:00,2017-10-26 01:40:10+00:00,2017-10-26 01:40:11+00:00,144,1,1926,4,2
0,Y3Vyc29yOnYyOpHOCMrB-A==,freeCodeCamp/freeCodeCamp,MERGED,2017-10-19 09:21:36+00:00,2017-10-27 02:38:50+00:00,2017-10-27 02:38:50+00:00,168,1,1926,3,1
0,Y3Vyc29yOnYyOpHOCMrM-A==,freeCodeCamp/freeCodeCamp,MERGED,2017-10-19 09:34:34+00:00,2017-10-26 01:08:29+00:00,2017-10-26 01:08:29+00:00,144,1,1926,3,1
0,Y3Vyc29yOnYyOpHOCM4z_g==,freeCodeCamp/freeCodeCamp,MERGED,2017-10-20 07:04:52+00:00,2017-11-01 14:43:37+00:00,2017-11-01 14:43:37+00:00,288,2,2045,6,9
0,Y3Vyc29yOnYyOpHOCNFpcA==,freeCodeCamp/freeCodeCamp,MERGED,2017-10-21 12:16:40+00:00,2017-10-23 19:52:44+00:00,2017-10-23 19:52:44+00:00,48,1,2070,4,1
0,Y3Vyc29yOnYyOpHOCNrcNQ==,freeCodeCamp/freeCodeCamp,MERGED,2017-10-25 03:14:42+00:00,2018-01-12 02:22:05+00:00,2018-01-12 02:22:05+00:00,1872,1,1926,9,2
0,Y3Vyc29yOnYyOpHOCN6VDQ==,freeCodeCamp/freeCodeCamp,MERGED,2017-10-25 23:25:33+00:00,2017-11-02 19:45:40+00:00,2017-11-02 19:45:40+00:00,168,2,2342,5,1
0,Y3Vyc29yOnYyOpHOCN8Icg==,freeCodeCamp/freeCodeCamp,MERGED,2017-10-26 04:13:31+00:00,2017-10-27 04:21:57+00:00,2017-10-27 04:21:57+00:00,24,1,2036,5,1
0,Y3Vyc29yOnYyOpHOCOLFqA==,freeCodeCamp/freeCodeCamp,MERGED,2017-10-27 01:01:11+00:00,2017-12-09 07:48:37+00:00,2017-12-09 07:48:37+00:00,1032,2,2007,3,1
0,Y3Vyc29yOnYyOpHOCOY2Mw==,freeCodeCamp/freeCodeCamp,CLOSED,2017-10-27 23:26:15+00:00,,2017-12-16 05:52:00+00:00,1176,3,1433,4,1
0,Y3Vyc29yOnYyOpHOCOfAPA==,freeCodeCamp/freeCodeCamp,MERGED,2017-10-29 20:41:21+00:00,2017-12-09 07:10:46+00:00,2017-12-09 07:10:46+00:00,960,1,207,3,1
0,Y3Vyc29yOnYyOpHOCO04dw==,freeCodeCamp/freeCodeCamp,MERGED,2017-10-31 11:51:37+00:00,2017-12-15 16:14:23+00:00,2017-12-15 16:14:23+00:00,1080,1,2006,5,2
0,Y3Vyc29yOnYyOpHOCPxYFA==,freeCodeCamp/freeCodeCamp,MERGED,2017-11-06 01:31:42+00:00,2018-01-05 13:20:04+00:00,2018-01-05 13:20:04+00:00,1440,1,25965,8,2
0,Y3Vyc29yOnYyOpHOCS3aag==,freeCodeCamp/freeCodeCamp,MERGED,2017-11-21 21:01:20+00:00,2017-11-25 19:48:59+00:00,2017-11-25 19:48:59+00:00,72,1,1636,2,1
0,Y3Vyc29yOnYyOpHOCTfcNw==,freeCodeCamp/freeCodeCamp,MERGED,2017-11-25 22:42:11+00:00,2017-11-27 05:54:50+00:00,2017-11-27 05:54:50+00:00,24,1,1078,2,1
0,Y3Vyc29yOnYyOpHOCUxnEA==,freeCodeCamp/freeCodeCamp,CLOSED,2017-12-02 06:37:52+00:00,,2017-12-15 22:15:35+00:00,312,11,6715,7,1
0,Y3Vyc29yOnYyOpHOCUyjdg==,freeCodeCamp/freeCodeCamp,MERGED,2017-12-02 15:22:52+00:00,2017-12-09 06:45:33+00:00,2017-12-09 06:45:34+00:00,144,1,2132,3,1
0,Y3Vyc29yOnYyOpHOCU2c7w==,freeCodeCamp/freeCodeCamp,MERGED,2017-12-03 21:23:17+00:00,2017-12-05 06:18:52+00:00,2017-12-05 06:18:52+00:00,24,6,17,3,1
0,Y3Vyc29yOnYyOpHOCWJKoA==,freeCodeCamp/freeCodeCamp,MERGED,2017-12-10 15:44:42+00:00,2017-12-11 20:37:40+00:00,2017-12-11 20:37:40+00:00,24,1,2237,4,2
0,Y3Vyc29yOnYyOpHOCWaiBw==,freeCodeCamp/freeCodeCamp,MERGED,2017-12-12 02:20:01+00:00,2017-12-21 01:15:24+00:00,2017-12-21 01:15:24+00:00,192,29,13,3,2
0,Y3Vyc29yOnYyOpHOCWoYGg==,freeCodeCamp/freeCodeCamp,CLOSED,2017-12-12 21:48:22+00:00,,2018-01-05 17:00:41+00:00,552,30,14,6,10
0,Y3Vyc29yOnYyOpHOCW6wqw==,freeCodeCamp/freeCodeCamp,MERGED,2017-12-14 01:39:57+00:00,2017-12-15 21:53:33+00:00,2017-12-15 21:53:33+00:00,24,21,13,4,3
0,Y3Vyc29yOnYyOpHOCXQtHQ==,freeCodeCamp/freeCodeCamp,MERGED,2017-12-15 13:55:52+00:00,2017-12-21 16:35:03+00:00,2017-12-21 16:35:03+00:00,144,1,1629,4,2
0,Y3Vyc29yOnYyOpHOCXWE9w==,freeCodeCamp/freeCodeCamp,MERGED,2017-12-15 21:24:09+00:00,2017-12-20 19:09:32+00:00,2017-12-20 19:09:32+00:00,96,4,1926,3,1
0,Y3Vyc29yOnYyOpHOCXXWBg==,freeCodeCamp/freeCodeCamp,MERGED,2017-12-16 00:01:32+00:00,2017-12-21 20:38:29+00:00,2017-12-21 20:38:29+00:00,120,1,2147,5,3
0,Y3Vyc29yOnYyOpHOCXZFAQ==,freeCodeCamp/freeCodeCamp,CLOSED,2017-12-16 14:10:49+00:00,,2017-12-24 09:38:57+00:00,168,9,2537,6,16
0,Y3Vyc29yOnYyOpHOCXtznA==,freeCodeCamp/freeCodeCamp,MERGED,2017-12-19 06:05:14+00:00,2017-12-21 17:22:23+00:00,2017-12-21 17:22:23+00:00,48,3,3527,4,6
0,Y3Vyc29yOnYyOpHOCXzecQ==,freeCodeCamp/freeCodeCamp,MERGED,2017-12-19 14:20:17+00:00,2017-12-20 16:48:17+00:00,2017-12-20 16:48:17+00:00,24,4,2227,5,2
0,Y3Vyc29yOnYyOpHOCX5Gfw==,freeCodeCamp/freeCodeCamp,MERGED,2017-12-19 21:00:17+00:00,2017-12-23 09:53:12+00:00,2017-12-23 09:53:12+00:00,72,1,113,2,1
0,Y3Vyc29yOnYyOpHOCYAOcA==,freeCodeCamp/freeCodeCamp,MERGED,2017-12-20 10:58:39+00:00,2017-12-21 16:33:17+00:00,2017-12-21 16:33:17+00:00,24,1,2083,7,8
0,Y3Vyc29yOnYyOpHOCYlQ0A==,freeCodeCamp/freeCodeCamp,MERGED,2017-12-24 09:37:33+00:00,2017-12-30 00:09:22+00:00,2017-12-30 00:09:22+00:00,120,9,81,4,1
0,Y3Vyc29yOnYyOpHOCYmViA==,freeCodeCamp/freeCodeCamp,CLOSED,2017-12-24 21:56:01+00:00,,2018-01-08 15:36:15+00:00,336,1,2072,8,3
0,Y3Vyc29yOnYyOpHOCYpoWg==,freeCodeCamp/freeCodeCamp,MERGED,2017-12-25 18:41:36+00:00,2018-01-15 16:38:37+00:00,2018-01-15 16:38:37+00:00,480,1,2281,5,2
0,Y3Vyc29yOnYyOpHOCYwe-g==,freeCodeCamp/freeCodeCamp,MERGED,2017-12-27 00:09:47+00:00,2018-01-02 18:08:02+00:00,2018-01-02 18:08:02+00:00,144,23,331,3,3
0,Y3Vyc29yOnYyOpHOCY2hwg==,freeCodeCamp/freeCodeCamp,MERGED,2017-12-27 17:04:09+00:00,2018-01-01 20:45:29+00:00,2018-01-01 20:45:29+00:00,120,1,1949,3,2
0,Y3Vyc29yOnYyOpHOCY2hyg==,freeCodeCamp/freeCodeCamp,MERGED,2017-12-27 17:04:13+00:00,2018-01-16 05:55:20+00:00,2018-01-16 05:55:21+00:00,456,1,2321,5,2
0,Y3Vyc29yOnYyOpHOCY34TQ==,freeCodeCamp/freeCodeCamp,MERGED,2017-12-27 20:30:15+00:00,2018-01-02 18:26:14+00:00,2018-01-02 18:26:14+00:00,120,1,1031,3,1
0,Y3Vyc29yOnYyOpHOCY5Ihw==,freeCodeCamp/freeCodeCamp,MERGED,2017-12-28 00:52:54+00:00,2017-12-29 18:57:39+00:00,2017-12-29 18:57:39+00:00,24,1,1943,4,3
0,Y3Vyc29yOnYyOpHOCZCj2g==,freeCodeCamp/freeCodeCamp,MERGED,2017-12-29 05:23:54+00:00,2018-01-16 06:20:32+00:00,2018-01-16 06:20:32+00:00,432,1,3279,5,2
0,Y3Vyc29yOnYyOpHOCZGudg==,freeCodeCamp/freeCodeCamp,MERGED,2017-12-29 17:37:28+00:00,2018-02-26 20:10:12+00:00,2018-02-26 20:10:12+00:00,1416,6,1927,3,4
0,Y3Vyc29yOnYyOpHOCZHsOQ==,freeCodeCamp/freeCodeCamp,MERGED,2017-12-29 20:33:17+00:00,2018-01-01 00:09:20+00:00,2018-01-01 00:09:20+00:00,48,1,2002,3,1
0,Y3Vyc29yOnYyOpHOCZJZXg==,freeCodeCamp/freeCodeCamp,MERGED,2017-12-30 10:55:46+00:00,2018-01-09 04:24:31+00:00,2018-01-09 04:24:31+00:00,216,5,364,4,5
0,Y3Vyc29yOnYyOpHOCZN4pQ==,freeCodeCamp/freeCodeCamp,MERGED,2018-01-01 20:34:38+00:00,2018-01-02 22:30:40+00:00,2018-01-02 22:30:41+00:00,24,1,1119,5,2
0,Y3Vyc29yOnYyOpHOCZOJKA==,freeCodeCamp/freeCodeCamp,CLOSED,2018-01-01 23:12:38+00:00,,2018-01-06 05:29:48+00:00,96,1,2363,3,5
0,Y3Vyc29yOnYyOpHOCZPoug==,freeCodeCamp/freeCodeCamp,CLOSED,2018-01-02 08:17:49+00:00,,2018-01-12 15:33:30+00:00,240,1,1366,5,2
0,Y3Vyc29yOnYyOpHOCZYt1A==,freeCodeCamp/freeCodeCamp,MERGED,2018-01-03 01:56:21+00:00,2018-01-04 06:39:20+00:00,2018-01-04 06:39:20+00:00,24,4,1978,5,4
0,Y3Vyc29yOnYyOpHOCZtSRQ==,freeCodeCamp/freeCodeCamp,MERGED,2018-01-04 17:19:11+00:00,2018-01-19 05:23:31+00:00,2018-01-19 05:23:31+00:00,336,74,1288,6,7
0,Y3Vyc29yOnYyOpHOCZtsPw==,freeCodeCamp/freeCodeCamp,MERGED,2018-01-04 17:52:35+00:00,2018-01-06 05:39:33+00:00,2018-01-06 05:39:34+00:00,24,1,13,2,2
0,Y3Vyc29yOnYyOpHOCZ6Dgw==,freeCodeCamp/freeCodeCamp,CLOSED,2018-01-05 17:00:00+00:00,,2018-02-15 20:35:39+00:00,984,129,1264,8,10
0,Y3Vyc29yOnYyOpHOCZ_rLg==,freeCodeCamp/freeCodeCamp,MERGED,2018-01-06 10:41:21+00:00,2018-01-15 06:06:42+00:00,2018-01-15 06:06:42+00:00,192,1,2324,2,1
0,Y3Vyc29yOnYyOpHOCaA9EA==,freeCodeCamp/freeCodeCamp,MERGED,2018-01-06 21:16:28+00:00,2018-01-10 08:27:11+00:00,2018-01-10 08:27:11+00:00,72,1,1168,4,7
0,Y3Vyc29yOnYyOpHOCaBtzQ==,freeCodeCamp/freeCodeCamp,MERGED,2018-01-07 05:21:42+00:00,2018-01-15 06:07:57+00:00,2018-01-15 06:07:57+00:00,192,1,3035,3,1
0,Y3Vyc29yOnYyOpHOCaBy0w==,freeCodeCamp/freeCodeCamp,CLOSED,2018-01-07 06:17:43+00:00,,2018-01-20 06:19:14+00:00,312,9,27,5,2
0,Y3Vyc29yOnYyOpHOCaCM_A==,freeCodeCamp/freeCodeCamp,MERGED,2018-01-07 10:48:47+00:00,2018-01-17 06:36:23+00:00,2018-01-17 06:36:23+00:00,216,1,2792,3,1
0,Y3Vyc29yOnYyOpHOCaFMiw==,freeCodeCamp/freeCodeCamp,MERGED,2018-01-08 06:20:37+00:00,2018-01-16 20:52:03+00:00,2018-01-16 20:52:03+00:00,192,10,2442,4,5
0,Y3Vyc29yOnYyOpHOCaGtTQ==,freeCodeCamp/freeCodeCamp,MERGED,2018-01-08 09:47:56+00:00,2018-01-11 20:55:53+00:00,2018-01-11 20:55:53+00:00,72,1,2314,4,2
0,Y3Vyc29yOnYyOpHOCaQCmA==,freeCodeCamp/freeCodeCamp,MERGED,2018-01-08 22:39:39+00:00,2018-01-10 23:15:26+00:00,2018-01-10 23:15:26+00:00,48,7,2743,3,2
0,Y3Vyc29yOnYyOpHOCaUgoQ==,freeCodeCamp/freeCodeCamp,MERGED,2018-01-09 09:04:01+00:00,2018-02-14 11:50:28+00:00,2018-02-14 11:50:28+00:00,864,3,1274,5,3
0,Y3Vyc29yOnYyOpHOCab5zA==,freeCodeCamp/freeCodeCamp,CLOSED,2018-01-09 17:59:01+00:00,,2018-01-24 18:49:58+00:00,360,1,2048,4,2
0,Y3Vyc29yOnYyOpHOCah67g==,freeCodeCamp/freeCodeCamp,CLOSED,2018-01-10 04:54:45+00:00,,2018-01-16 17:55:34+00:00,144,4,2843,3,12
0,Y3Vyc29yOnYyOpHOCas4ng==,freeCodeCamp/freeCodeCamp,MERGED,2018-01-10 19:58:27+00:00,2018-01-13 16:54:09+00:00,2018-01-13 16:54:09+00:00,48,2,228,4,5
0,Y3Vyc29yOnYyOpHOCat1Pw==,freeCodeCamp/freeCodeCamp,MERGED,2018-01-10 21:13:51+00:00,2018-01-17 18:54:29+00:00,2018-01-17 18:54:29+00:00,144,1,2415,3,1
0,Y3Vyc29yOnYyOpHOCa_v6Q==,freeCodeCamp/freeCodeCamp,MERGED,2018-01-12 00:54:48+00:00,2018-01-17 19:15:19+00:00,2018-01-17 19:15:19+00:00,120,1,2057,2,1
0,Y3Vyc29yOnYyOpHOCbAkig==,freeCodeCamp/freeCodeCamp,MERGED,2018-01-12 03:04:48+00:00,2018-01-18 17:20:47+00:00,2018-01-18 17:20:48+00:00,144,1,2096,4,1
0,Y3Vyc29yOnYyOpHOCbEpuQ==,freeCodeCamp/freeCodeCamp,MERGED,2018-01-12 11:13:52+00:00,2018-01-24 02:59:31+00:00,2018-01-24 02:59:31+00:00,264,3,1239,7,2
0,Y3Vyc29yOnYyOpHOCbF2ZQ==,freeCodeCamp/freeCodeCamp,MERGED,2018-01-12 13:01:15+00:00,2018-01-18 17:33:18+00:00,2018-01-18 17:33:18+00:00,144,1,3421,3,1
0,Y3Vyc29yOnYyOpHOCbHXzQ==,freeCodeCamp/freeCodeCamp,MERGED,2018-01-12 14:59:11+00:00,2018-01-16 17:03:26+00:00,2018-01-16 17:03:26+00:00,96,2,1149,4,2
0,Y3Vyc29yOnYyOpHOCbMSQQ==,freeCodeCamp/freeCodeCamp,MERGED,2018-01-12 21:36:41+00:00,2018-01-18 06:42:51+00:00,2018-01-18 06:42:51+00:00,120,1,2040,2,1
0,Y3Vyc29yOnYyOpHOCbM7xw==,freeCodeCamp/freeCodeCamp,MERGED,2018-01-12 22:42:19+00:00,2018-01-18 06:46:51+00:00,2018-01-18 06:46:51+00:00,120,1,1995,3,1
0,Y3Vyc29yOnYyOpHOCbOBYg==,freeCodeCamp/freeCodeCamp,CLOSED,2018-01-13 01:42:15+00:00,,2018-01-20 06:04:45+00:00,168,2,2221,4,2
0,Y3Vyc29yOnYyOpHOCbOxsg==,freeCodeCamp/freeCodeCamp,CLOSED,2018-01-13 08:28:02+00:00,,2018-02-16 05:11:16+00:00,792,1,2268,5,2
0,Y3Vyc29yOnYyOpHOCbOyaA==,freeCodeCamp/freeCodeCamp,MERGED,2018-01-13 08:35:09+00:00,2018-01-14 18:47:35+00:00,2018-01-14 18:47:35+00:00,24,1,1289,2,1
0,Y3Vyc29yOnYyOpHOCbS06A==,freeCodeCamp/freeCodeCamp,MERGED,2018-01-14 18:47:57+00:00,2018-01-31 07:30:57+00:00,2018-01-31 07:30:57+00:00,384,1,2161,4,4
0,Y3Vyc29yOnYyOpHOCbUXRg==,freeCodeCamp/freeCodeCamp,MERGED,2018-01-15 03:30:06+00:00,2018-01-18 06:53:14+00:00,2018-01-18 06:53:14+00:00,72,2,2524,3,1
0,Y3Vyc29yOnYyOpHOCbVRJg==,freeCodeCamp/freeCodeCamp,MERGED,2018-01-15 06:36:40+00:00,2018-01-18 03:08:17+00:00,2018-01-18 03:08:17+00:00,48,1,0,3,1
0,Y3Vyc29yOnYyOpHOCbVXAw==,freeCodeCamp/freeCodeCamp,MERGED,2018-01-15 06:51:19+00:00,2018-01-17 19:24:21+00:00,2018-01-17 19:24:21+00:00,48,6,2484,3,2
0,Y3Vyc29yOnYyOpHOCbdL8g==,freeCodeCamp/freeCodeCamp,MERGED,2018-01-15 17:32:08+00:00,2018-01-18 18:33:58+00:00,2018-01-18 18:33:58+00:00,72,1,2095,3,1
0,Y3Vyc29yOnYyOpHOCbdStQ==,freeCodeCamp/freeCodeCamp,MERGED,2018-01-15 17:41:54+00:00,2018-01-30 23:42:11+00:00,2018-01-30 23:42:11+00:00,360,1,2313,4,2
0,Y3Vyc29yOnYyOpHOCbdnyQ==,freeCodeCamp/freeCodeCamp,MERGED,2018-01-15 18:14:22+00:00,2018-01-18 19:13:19+00:00,2018-01-18 19:13:19+00:00,72,1,2071,3,1
0,Y3Vyc29yOnYyOpHOCbqGjA==,freeCodeCamp/freeCodeCamp,MERGED,2018-01-16 16:05:31+00:00,2018-01-20 16:30:21+00:00,2018-01-20 16:30:21+00:00,96,3,1543,4,8
0,Y3Vyc29yOnYyOpHOCbtR4A==,freeCodeCamp/freeCodeCamp,MERGED,2018-01-16 19:48:45+00:00,2018-01-18 04:10:50+00:00,2018-01-18 04:10:51+00:00,24,1,2112,4,3
0,Y3Vyc29yOnYyOpHOCcTswg==,freeCodeCamp/freeCodeCamp,MERGED,2018-01-19 07:16:07+00:00,2018-03-05 04:39:58+00:00,2018-03-05 04:39:58+00:00,1056,9,2177,4,28
0,Y3Vyc29yOnYyOpHOCcW9hA==,freeCodeCamp/freeCodeCamp,MERGED,2018-01-19 12:07:54+00:00,2018-01-21 16:49:07+00:00,2018-01-21 16:49:07+00:00,48,1,2430,4,1
0,Y3Vyc29yOnYyOpHOCces0A==,freeCodeCamp/freeCodeCamp,CLOSED,2018-01-19 22:14:43+00:00,,2018-04-03 14:28:11+00:00,1752,67,504,6,6
0,Y3Vyc29yOnYyOpHOCchZbQ==,freeCodeCamp/freeCodeCamp,MERGED,2018-01-20 12:14:26+00:00,2018-01-28 07:52:50+00:00,2018-01-28 07:52:50+00:00,168,1,2813,3,1
0,Y3Vyc29yOnYyOpHOCckdrw==,freeCodeCamp/freeCodeCamp,MERGED,2018-01-21 13:31:23+00:00,2018-01-25 20:13:09+00:00,2018-01-25 20:13:09+00:00,96,2,2428,5,5
0,Y3Vyc29yOnYyOpHOCcw7BA==,freeCodeCamp/freeCodeCamp,MERGED,2018-01-22 18:17:17+00:00,2018-01-24 16:24:36+00:00,2018-01-24 16:24:36+00:00,24,1,1926,4,2
0,Y3Vyc29yOnYyOpHOCc0OcQ==,freeCodeCamp/freeCodeCamp,MERGED,2018-01-22 22:26:32+00:00,2018-01-24 01:16:58+00:00,2018-01-24 01:16:58+00:00,24,1,2087,5,2
0,Y3Vyc29yOnYyOpHOCdYoeA==,freeCodeCamp/freeCodeCamp,MERGED,2018-01-25 05:01:12+00:00,2018-01-30 03:19:44+00:00,2018-01-30 03:19:44+00:00,96,1,1103,5,12
0,Y3Vyc29yOnYyOpHOCdckdw==,freeCodeCamp/freeCodeCamp,MERGED,2018-01-25 11:32:00+00:00,2018-01-30 05:30:11+00:00,2018-01-30 05:30:11+00:00,96,1,2077,3,1
0,Y3Vyc29yOnYyOpHOCdj3dQ==,freeCodeCamp/freeCodeCamp,MERGED,2018-01-25 19:59:10+00:00,2018-01-30 05:39:40+00:00,2018-01-30 05:39:41+00:00,96,1,2173,3,1
0,Y3Vyc29yOnYyOpHOCdrj3A==,freeCodeCamp/freeCodeCamp,MERGED,2018-01-26 11:09:14+00:00,2018-01-29 17:47:53+00:00,2018-01-29 17:47:53+00:00,72,2,364,4,6
0,Y3Vyc29yOnYyOpHOCds-tw==,freeCodeCamp/freeCodeCamp,MERGED,2018-01-26 13:27:45+00:00,2018-02-06 15:53:07+00:00,2018-02-06 15:53:08+00:00,264,1,2026,3,1
0,Y3Vyc29yOnYyOpHOCdtAQg==,freeCodeCamp/freeCodeCamp,MERGED,2018-01-26 13:29:54+00:00,2018-01-29 16:11:27+00:00,2018-01-29 16:11:28+00:00,72,2,13,5,1
0,Y3Vyc29yOnYyOpHOCduDgw==,freeCodeCamp/freeCodeCamp,MERGED,2018-01-26 14:52:45+00:00,2018-01-29 17:26:03+00:00,2018-01-29 17:26:04+00:00,72,9,1927,4,1
0,Y3Vyc29yOnYyOpHOCd1tKw==,freeCodeCamp/freeCodeCamp,MERGED,2018-01-27 06:50:02+00:00,2018-02-06 04:18:11+00:00,2018-02-06 04:18:11+00:00,216,1,2037,4,2
0,Y3Vyc29yOnYyOpHOCeDN0A==,freeCodeCamp/freeCodeCamp,MERGED,2018-01-29 15:01:29+00:00,2018-02-06 10:18:12+00:00,2018-02-06 10:18:12+00:00,168,1,1984,5,1
0,Y3Vyc29yOnYyOpHOCeD4yw==,freeCodeCamp/freeCodeCamp,MERGED,2018-01-29 15:40:16+00:00,2018-02-06 16:01:34+00:00,2018-02-06 16:01:34+00:00,192,1,2084,3,1
0,Y3Vyc29yOnYyOpHOCeMP1A==,freeCodeCamp/freeCodeCamp,MERGED,2018-01-30 03:09:44+00:00,2018-02-02 20:13:36+00:00,2018-02-02 20:13:36+00:00,72,16,0,3,1
0,Y3Vyc29yOnYyOpHOCef04Q==,freeCodeCamp/freeCodeCamp,CLOSED,2018-01-31 08:43:24+00:00,,2018-02-15 10:52:48+00:00,360,52,2020,25,1
0,Y3Vyc29yOnYyOpHOCejqXg==,freeCodeCamp/freeCodeCamp,MERGED,2018-01-31 13:27:57+00:00,2018-02-02 22:05:16+00:00,2018-02-02 22:05:16+00:00,48,1,2268,4,2
0,Y3Vyc29yOnYyOpHOCelt8Q==,freeCodeCamp/freeCodeCamp,MERGED,2018-01-31 15:33:42+00:00,2018-02-02 19:21:00+00:00,2018-02-02 19:21:01+00:00,48,1,1601,4,2
0,Y3Vyc29yOnYyOpHOCev-fQ==,freeCodeCamp/freeCodeCamp,MERGED,2018-02-01 07:20:37+00:00,2018-02-14 10:55:22+00:00,2018-02-14 10:55:22+00:00,312,1,2384,5,7
0,Y3Vyc29yOnYyOpHOCfLCyg==,freeCodeCamp/freeCodeCamp,MERGED,2018-02-02 21:12:52+00:00,2018-02-07 19:07:17+00:00,2018-02-07 19:07:18+00:00,96,1,2113,3,1
0,Y3Vyc29yOnYyOpHOCfNZDw==,freeCodeCamp/freeCodeCamp,MERGED,2018-02-03 03:02:05+00:00,2018-02-06 10:10:28+00:00,2018-02-06 10:10:28+00:00,72,1,2286,4,1
0,Y3Vyc29yOnYyOpHOCfNz0A==,freeCodeCamp/freeCodeCamp,MERGED,2018-02-03 06:40:27+00:00,2018-02-15 09:02:17+00:00,2018-02-15 09:02:17+00:00,288,1,2436,5,3
0,Y3Vyc29yOnYyOpHOCfOVKg==,freeCodeCamp/freeCodeCamp,MERGED,2018-02-03 11:28:26+00:00,2018-02-08 05:47:31+00:00,2018-02-08 05:47:32+00:00,96,1,2121,3,1
0,Y3Vyc29yOnYyOpHOCfQpZQ==,freeCodeCamp/freeCodeCamp,MERGED,2018-02-04 05:50:03+00:00,2018-02-08 05:53:21+00:00,2018-02-08 05:53:21+00:00,96,1,1961,3,1
0,Y3Vyc29yOnYyOpHOCfSXeg==,freeCodeCamp/freeCodeCamp,MERGED,2018-02-04 19:08:47+00:00,2018-02-08 06:02:58+00:00,2018-02-08 06:02:58+00:00,72,1,1954,3,1
0,Y3Vyc29yOnYyOpHOCfSZkQ==,freeCodeCamp/freeCodeCamp,MERGED,2018-02-04 19:20:28+00:00,2018-02-08 06:06:42+00:00,2018-02-08 06:06:43+00:00,72,1,2619,3,1
0,Y3Vyc29yOnYyOpHOCfV21A==,freeCodeCamp/freeCodeCamp,MERGED,2018-02-05 08:26:00+00:00,2018-02-15 09:06:42+00:00,2018-02-15 09:06:42+00:00,240,1,2651,5,3
0,Y3Vyc29yOnYyOpHOCfhzPg==,freeCodeCamp/freeCodeCamp,MERGED,2018-02-05 22:56:52+00:00,2018-02-08 12:46:19+00:00,2018-02-08 12:46:19+00:00,48,1,2396,4,2
0,Y3Vyc29yOnYyOpHOCfizYw==,freeCodeCamp/freeCodeCamp,MERGED,2018-02-06 00:50:50+00:00,2018-02-08 06:18:30+00:00,2018-02-08 06:18:30+00:00,48,1,2263,4,1
0,Y3Vyc29yOnYyOpHOCfkn9g==,freeCodeCamp/freeCodeCamp,MERGED,2018-02-06 05:28:16+00:00,2018-02-10 09:21:00+00:00,2018-02-10 09:21:00+00:00,96,7,13,4,2
0,Y3Vyc29yOnYyOpHOCgE8iA==,freeCodeCamp/freeCodeCamp,MERGED,2018-02-08 01:14:29+00:00,2018-02-16 23:18:54+00:00,2018-02-16 23:18:55+00:00,192,78,237,4,3
0,Y3Vyc29yOnYyOpHOCgNIvg==,freeCodeCamp/freeCodeCamp,MERGED,2018-02-08 14:31:25+00:00,2018-02-10 16:42:38+00:00,2018-02-10 16:42:38+00:00,48,2,1642,4,1
0,Y3Vyc29yOnYyOpHOCgWX3g==,freeCodeCamp/freeCodeCamp,CLOSED,2018-02-09 02:23:57+00:00,,2018-02-14 22:24:17+00:00,120,947,955,54,2
0,Y3Vyc29yOnYyOpHOCgmwAg==,freeCodeCamp/freeCodeCamp,MERGED,2018-02-10 15:43:56+00:00,2018-02-14 17:50:38+00:00,2018-02-14 17:50:38+00:00,96,1,1907,4,2
0,Y3Vyc29yOnYyOpHOCgqxRw==,freeCodeCamp/freeCodeCamp,MERGED,2018-02-11 20:40:27+00:00,2018-02-14 11:19:32+00:00,2018-02-14 11:19:32+00:00,48,1,2221,3,1
0,Y3Vyc29yOnYyOpHOCgrk0A==,freeCodeCamp/freeCodeCamp,MERGED,2018-02-12 01:08:51+00:00,2018-02-14 11:21:15+00:00,2018-02-14 11:21:15+00:00,48,1,2270,4,1
0,Y3Vyc29yOnYyOpHOCgtQog==,freeCodeCamp/freeCodeCamp,MERGED,2018-02-12 07:29:36+00:00,2018-03-06 10:52:23+00:00,2018-03-06 10:52:23+00:00,528,1,2557,5,3
0,Y3Vyc29yOnYyOpHOCgtRww==,freeCodeCamp/freeCodeCamp,MERGED,2018-02-12 07:32:20+00:00,2018-02-15 09:11:54+00:00,2018-02-15 09:11:54+00:00,72,1,2395,3,1
0,Y3Vyc29yOnYyOpHOCgwrrg==,freeCodeCamp/freeCodeCamp,MERGED,2018-02-12 12:45:21+00:00,2018-02-16 15:24:38+00:00,2018-02-16 15:24:38+00:00,96,4,1926,4,3
0,Y3Vyc29yOnYyOpHOCg1nEw==,freeCodeCamp/freeCodeCamp,MERGED,2018-02-12 18:11:33+00:00,2018-02-14 11:24:25+00:00,2018-02-14 11:24:26+00:00,24,1,1943,3,3
0,Y3Vyc29yOnYyOpHOCg5Gaw==,freeCodeCamp/freeCodeCamp,MERGED,2018-02-12 22:39:44+00:00,2018-02-16 00:22:08+00:00,2018-02-16 00:22:08+00:00,72,1,29,4,2
0,Y3Vyc29yOnYyOpHOChFCOQ==,freeCodeCamp/freeCodeCamp,MERGED,2018-02-13 17:08:01+00:00,2018-02-15 01:03:20+00:00,2018-02-15 01:03:20+00:00,24,2,2023,6,6
0,Y3Vyc29yOnYyOpHOChZfYw==,freeCodeCamp/freeCodeCamp,MERGED,2018-02-14 22:21:50+00:00,2018-03-06 03:55:44+00:00,2018-03-06 03:55:44+00:00,456,2,1007,3,1
0,Y3Vyc29yOnYyOpHOChfvRQ==,freeCodeCamp/freeCodeCamp,MERGED,2018-02-15 11:03:26+00:00,2018-02-26 12:37:43+00:00,2018-02-26 12:37:43+00:00,264,1,2040,4,3
0,Y3Vyc29yOnYyOpHOChnrIw==,freeCodeCamp/freeCodeCamp,MERGED,2018-02-15 20:00:40+00:00,2018-03-06 18:15:59+00:00,2018-03-06 18:15:59+00:00,432,4,2061,4,9
0,Y3Vyc29yOnYyOpHOChri3g==,freeCodeCamp/freeCodeCamp,MERGED,2018-02-16 02:05:41+00:00,2018-03-07 03:38:30+00:00,2018-03-07 03:38:30+00:00,456,1,2011,4,2
0,Y3Vyc29yOnYyOpHOCh7TBw==,freeCodeCamp/freeCodeCamp,MERGED,2018-02-17 17:20:15+00:00,2018-02-24 06:47:33+00:00,2018-02-24 06:47:33+00:00,144,1,1955,4,1
0,Y3Vyc29yOnYyOpHOCh76Aw==,freeCodeCamp/freeCodeCamp,MERGED,2018-02-17 21:23:52+00:00,2018-02-26 12:44:42+00:00,2018-02-26 12:44:42+00:00,192,2,2535,6,1
0,Y3Vyc29yOnYyOpHOCh9unw==,freeCodeCamp/freeCodeCamp,MERGED,2018-02-18 14:11:01+00:00,2018-02-26 17:18:07+00:00,2018-02-26 17:18:07+00:00,192,3,239,4,1
0,Y3Vyc29yOnYyOpHOCh_Emw==,freeCodeCamp/freeCodeCamp,MERGED,2018-02-18 22:30:53+00:00,2018-02-20 11:59:01+00:00,2018-02-20 11:59:01+00:00,24,1,2486,5,3
0,Y3Vyc29yOnYyOpHOCh_o8Q==,freeCodeCamp/freeCodeCamp,MERGED,2018-02-19 01:27:38+00:00,2018-02-24 06:58:45+00:00,2018-02-24 06:58:45+00:00,120,1,2062,3,1
0,Y3Vyc29yOnYyOpHOCiKnvA==,freeCodeCamp/freeCodeCamp,MERGED,2018-02-19 20:06:26+00:00,2018-02-24 06:26:16+00:00,2018-02-24 06:26:16+00:00,96,6,1943,3,1
0,Y3Vyc29yOnYyOpHOCiOfIw==,freeCodeCamp/freeCodeCamp,MERGED,2018-02-20 05:49:34+00:00,2018-03-23 21:13:29+00:00,2018-03-23 21:13:29+00:00,744,1,2000,7,1
0,Y3Vyc29yOnYyOpHOCiyv4w==,freeCodeCamp/freeCodeCamp,MERGED,2018-02-22 09:48:33+00:00,2018-03-08 16:13:20+00:00,2018-03-08 16:13:20+00:00,336,2,1957,5,4
0,Y3Vyc29yOnYyOpHOCjKXOQ==,freeCodeCamp/freeCodeCamp,MERGED,2018-02-23 18:45:27+00:00,2018-02-26 19:31:02+00:00,2018-02-26 19:31:02+00:00,72,18,2066,5,6
0,Y3Vyc29yOnYyOpHOCjuA0g==,freeCodeCamp/freeCodeCamp,MERGED,2018-02-27 14:06:03+00:00,2018-03-08 15:33:21+00:00,2018-03-08 15:33:21+00:00,216,28,1979,4,9
0,Y3Vyc29yOnYyOpHOCj8ZMg==,freeCodeCamp/freeCodeCamp,MERGED,2018-02-28 10:09:10+00:00,2018-03-05 22:15:32+00:00,2018-03-05 22:15:32+00:00,120,6,1927,2,1
0,Y3Vyc29yOnYyOpHOCj_WEw==,freeCodeCamp/freeCodeCamp,MERGED,2018-02-28 13:40:06+00:00,2018-05-04 18:35:56+00:00,2018-05-04 18:35:56+00:00,1560,1,2084,4,1
0,Y3Vyc29yOnYyOpHOCkKCNg==,freeCodeCamp/freeCodeCamp,MERGED,2018-03-01 02:54:22+00:00,2018-03-02 12:18:54+00:00,2018-03-02 12:18:54+00:00,24,1,2196,3,1
0,Y3Vyc29yOnYyOpHOCkPdiQ==,freeCodeCamp/freeCodeCamp,MERGED,2018-03-01 12:11:25+00:00,2018-03-23 09:34:13+00:00,2018-03-23 09:34:13+00:00,504,3,2556,7,8
0,Y3Vyc29yOnYyOpHOCkf3rA==,freeCodeCamp/freeCodeCamp,MERGED,2018-03-02 12:12:26+00:00,2018-03-12 21:28:56+00:00,2018-03-12 21:28:56+00:00,240,19,2257,5,12
0,Y3Vyc29yOnYyOpHOCklQCA==,freeCodeCamp/freeCodeCamp,MERGED,2018-03-02 18:51:36+00:00,2018-03-20 15:16:15+00:00,2018-03-20 15:16:16+00:00,408,2,2259,5,2
0,Y3Vyc29yOnYyOpHOCkrFbg==,freeCodeCamp/freeCodeCamp,MERGED,2018-03-03 15:32:02+00:00,2018-03-23 06:20:21+00:00,2018-03-23 06:20:21+00:00,456,4,2237,7,9
0,Y3Vyc29yOnYyOpHOCkuehQ==,freeCodeCamp/freeCodeCamp,MERGED,2018-03-04 16:31:59+00:00,2018-03-07 13:34:22+00:00,2018-03-07 13:34:22+00:00,48,1,2117,4,4
0,Y3Vyc29yOnYyOpHOCkvQWA==,freeCodeCamp/freeCodeCamp,MERGED,2018-03-04 20:55:22+00:00,2018-03-06 04:16:24+00:00,2018-03-06 04:16:24+00:00,24,1,2726,3,1
0,Y3Vyc29yOnYyOpHOCk3_AQ==,freeCodeCamp/freeCodeCamp,MERGED,2018-03-05 14:34:34+00:00,2018-03-08 01:19:03+00:00,2018-03-08 01:19:03+00:00,48,2,2115,6,1
0,Y3Vyc29yOnYyOpHOClHYIw==,freeCodeCamp/freeCodeCamp,MERGED,2018-03-06 11:53:24+00:00,2018-03-12 21:32:00+00:00,2018-03-12 21:32:00+00:00,144,1,1926,4,3
0,Y3Vyc29yOnYyOpHOClX-Yg==,freeCodeCamp/freeCodeCamp,MERGED,2018-03-07 10:19:28+00:00,2018-03-23 19:42:33+00:00,2018-03-23 19:42:33+00:00,384,3,2109,4,1
0,Y3Vyc29yOnYyOpHOClcUJg==,freeCodeCamp/freeCodeCamp,MERGED,2018-03-07 15:06:13+00:00,2018-03-13 23:05:12+00:00,2018-03-13 23:05:12+00:00,144,8,1926,3,3
0,Y3Vyc29yOnYyOpHOCln_MQ==,freeCodeCamp/freeCodeCamp,CLOSED,2018-03-08 08:10:37+00:00,,2018-03-23 09:56:25+00:00,360,1,1340,7,1
0,Y3Vyc29yOnYyOpHOClpcRg==,freeCodeCamp/freeCodeCamp,MERGED,2018-03-08 10:09:13+00:00,2018-03-09 16:16:56+00:00,2018-03-09 16:16:56+00:00,24,1,2058,4,3
0,Y3Vyc29yOnYyOpHOCltWFw==,freeCodeCamp/freeCodeCamp,MERGED,2018-03-08 14:57:55+00:00,2018-03-20 02:14:35+00:00,2018-03-20 02:14:35+00:00,264,1,1113,8,1
0,Y3Vyc29yOnYyOpHOCl7loQ==,freeCodeCamp/freeCodeCamp,MERGED,2018-03-09 12:16:32+00:00,2018-03-20 04:49:55+00:00,2018-03-20 04:49:56+00:00,240,3,1041,5,3
0,Y3Vyc29yOnYyOpHOCmA25w==,freeCodeCamp/freeCodeCamp,MERGED,2018-03-09 18:38:51+00:00,2018-03-16 15:45:36+00:00,2018-03-16 15:45:36+00:00,144,1,2063,4,2
0,Y3Vyc29yOnYyOpHOCmeZbA==,freeCodeCamp/freeCodeCamp,MERGED,2018-03-13 05:27:12+00:00,2018-04-13 14:48:11+00:00,2018-04-13 14:48:11+00:00,744,9,29,6,3
0,Y3Vyc29yOnYyOpHOCmgMXA==,freeCodeCamp/freeCodeCamp,MERGED,2018-03-13 08:48:56+00:00,2018-03-14 16:12:30+00:00,2018-03-14 16:12:30+00:00,24,1,1926,5,1
0,Y3Vyc29yOnYyOpHOCmsZfg==,freeCodeCamp/freeCodeCamp,MERGED,2018-03-13 21:11:26+00:00,2018-03-20 23:45:31+00:00,2018-03-20 23:45:31+00:00,168,15,2037,3,1
0,Y3Vyc29yOnYyOpHOCnBzXw==,freeCodeCamp/freeCodeCamp,CLOSED,2018-03-15 03:46:11+00:00,,2018-05-15 05:31:17+00:00,1464,4,217,3,1
0,Y3Vyc29yOnYyOpHOCnJUeg==,freeCodeCamp/freeCodeCamp,MERGED,2018-03-15 14:19:19+00:00,2018-03-23 14:48:13+00:00,2018-03-23 14:48:13+00:00,192,1,137,5,7
0,Y3Vyc29yOnYyOpHOCnkaXg==,freeCodeCamp/freeCodeCamp,CLOSED,2018-03-17 16:34:24+00:00,,2018-05-15 05:26:02+00:00,1392,8,2466,6,2
0,Y3Vyc29yOnYyOpHOCoDUmQ==,freeCodeCamp/freeCodeCamp,MERGED,2018-03-20 14:48:14+00:00,2018-03-27 13:02:34+00:00,2018-03-27 13:02:34+00:00,144,1,2081,4,2
0,Y3Vyc29yOnYyOpHOCoInEA==,freeCodeCamp/freeCodeCamp,MERGED,2018-03-20 19:43:04+00:00,2018-03-23 10:21:03+00:00,2018-03-23 10:21:03+00:00,48,1,2241,6,3
0,Y3Vyc29yOnYyOpHOCoUzTg==,freeCodeCamp/freeCodeCamp,MERGED,2018-03-21 14:52:12+00:00,2018-03-23 17:22:56+00:00,2018-03-23 17:22:56+00:00,48,3,2626,4,1
0,Y3Vyc29yOnYyOpHOCoV3bA==,freeCodeCamp/freeCodeCamp,MERGED,2018-03-21 15:43:30+00:00,2018-03-23 18:12:28+00:00,2018-03-23 18:12:29+00:00,48,1,1987,4,1
0,Y3Vyc29yOnYyOpHOCogk-Q==,freeCodeCamp/freeCodeCamp,MERGED,2018-03-22 07:26:02+00:00,2018-03-23 17:41:44+00:00,2018-03-23 17:41:45+00:00,24,1,1973,5,1
0,Y3Vyc29yOnYyOpHOCooxHg==,freeCodeCamp/freeCodeCamp,MERGED,2018-03-22 16:05:02+00:00,2018-04-10 15:13:46+00:00,2018-04-10 15:13:47+00:00,432,4,2405,5,14
0,Y3Vyc29yOnYyOpHOCowlGA==,freeCodeCamp/freeCodeCamp,MERGED,2018-03-23 02:15:27+00:00,2018-03-30 03:51:10+00:00,2018-03-30 03:51:10+00:00,168,7,24,5,29
0,Y3Vyc29yOnYyOpHOCowr6g==,freeCodeCamp/freeCodeCamp,CLOSED,2018-03-23 02:30:31+00:00,,2018-04-03 04:58:05+00:00,264,1,267,5,5
0,Y3Vyc29yOnYyOpHOCo3xpw==,freeCodeCamp/freeCodeCamp,MERGED,2018-03-23 13:48:16+00:00,2018-04-03 12:41:21+00:00,2018-04-03 12:41:21+00:00,240,1,1950,4,5
0,Y3Vyc29yOnYyOpHOCpEwXw==,freeCodeCamp/freeCodeCamp,MERGED,2018-03-25 12:35:13+00:00,2018-04-26 21:55:40+00:00,2018-04-26 21:55:40+00:00,768,1,2068,2,1
0,Y3Vyc29yOnYyOpHOCprlzA==,freeCodeCamp/freeCodeCamp,MERGED,2018-03-28 03:54:52+00:00,2018-04-05 04:16:15+00:00,2018-04-05 04:16:15+00:00,192,1,1932,4,3
0,Y3Vyc29yOnYyOpHOCqGxWA==,freeCodeCamp/freeCodeCamp,MERGED,2018-03-29 15:48:14+00:00,2018-04-18 15:23:38+00:00,2018-04-18 15:23:38+00:00,456,2,1989,4,3
0,Y3Vyc29yOnYyOpHOCqSt1A==,freeCodeCamp/freeCodeCamp,MERGED,2018-03-30 13:54:36+00:00,2018-04-28 08:22:48+00:00,2018-04-28 08:22:48+00:00,672,1,1926,3,1
0,Y3Vyc29yOnYyOpHOCqZf9Q==,freeCodeCamp/freeCodeCamp,MERGED,2018-03-31 10:03:57+00:00,2018-04-03 19:25:41+00:00,2018-04-03 19:25:42+00:00,72,1,1999,4,1
0,Y3Vyc29yOnYyOpHOCqbsmQ==,freeCodeCamp/freeCodeCamp,MERGED,2018-04-01 03:44:04+00:00,2018-04-17 18:27:51+00:00,2018-04-17 18:27:52+00:00,384,1,2001,3,1
0,Y3Vyc29yOnYyOpHOCqiIvg==,freeCodeCamp/freeCodeCamp,MERGED,2018-04-02 10:48:29+00:00,2018-04-18 15:19:32+00:00,2018-04-18 15:19:32+00:00,384,1,1991,4,5
0,Y3Vyc29yOnYyOpHOCqy6Lw==,freeCodeCamp/freeCodeCamp,MERGED,2018-04-03 13:04:41+00:00,2018-04-07 02:12:15+00:00,2018-04-07 02:12:15+00:00,72,1,2179,4,2
0,Y3Vyc29yOnYyOpHOCq-QSg==,freeCodeCamp/freeCodeCamp,CLOSED,2018-04-04 04:12:09+00:00,,2018-05-15 05:27:30+00:00,984,2,2118,3,7
0,Y3Vyc29yOnYyOpHOCrJr6g==,freeCodeCamp/freeCodeCamp,MERGED,2018-04-04 17:49:45+00:00,2018-04-06 07:56:11+00:00,2018-04-06 07:56:11+00:00,24,1,2156,4,1
0,Y3Vyc29yOnYyOpHOCrOBoQ==,freeCodeCamp/freeCodeCamp,MERGED,2018-04-04 23:12:34+00:00,2018-04-06 07:54:58+00:00,2018-04-06 07:54:58+00:00,24,1,2199,4,1
0,Y3Vyc29yOnYyOpHOCri7pg==,freeCodeCamp/freeCodeCamp,MERGED,2018-04-06 08:02:41+00:00,2018-04-10 20:23:36+00:00,2018-04-10 20:23:37+00:00,96,2,2176,6,2
0,Y3Vyc29yOnYyOpHOCrpfUw==,freeCodeCamp/freeCodeCamp,MERGED,2018-04-06 15:47:29+00:00,2018-04-17 18:08:36+00:00,2018-04-17 18:08:36+00:00,264,1,2003,5,2
0,Y3Vyc29yOnYyOpHOCrrI0w==,freeCodeCamp/freeCodeCamp,MERGED,2018-04-06 17:51:16+00:00,2018-04-08 01:43:22+00:00,2018-04-08 01:43:22+00:00,24,1,1971,3,2
0,Y3Vyc29yOnYyOpHOCr6ouA==,freeCodeCamp/freeCodeCamp,MERGED,2018-04-09 10:15:09+00:00,2018-04-26 21:58:31+00:00,2018-04-26 21:58:31+00:00,408,5,2153,3,1
0,Y3Vyc29yOnYyOpHOCsHmeg==,freeCodeCamp/freeCodeCamp,MERGED,2018-04-10 03:19:23+00:00,2018-04-13 04:19:02+00:00,2018-04-13 04:19:02+00:00,72,1,2017,4,2
0,Y3Vyc29yOnYyOpHOCsLUjw==,freeCodeCamp/freeCodeCamp,MERGED,2018-04-10 09:27:48+00:00,2018-04-17 19:53:55+00:00,2018-04-17 19:53:55+00:00,168,1,1967,4,1
0,Y3Vyc29yOnYyOpHOCtOZBw==,freeCodeCamp/freeCodeCamp,MERGED,2018-04-14 09:30:07+00:00,2018-04-17 19:02:57+00:00,2018-04-17 19:02:58+00:00,72,1,2247,3,1
0,Y3Vyc29yOnYyOpHOCtQRiQ==,freeCodeCamp/freeCodeCamp,MERGED,2018-04-14 22:31:32+00:00,2018-04-17 19:09:19+00:00,2018-04-17 19:09:19+00:00,48,1,1997,2,1
0,Y3Vyc29yOnYyOpHOCuAX1w==,freeCodeCamp/freeCodeCamp,MERGED,2018-04-18 12:11:25+00:00,2018-04-23 05:17:12+00:00,2018-04-23 05:17:12+00:00,96,2,2117,4,2
0,Y3Vyc29yOnYyOpHOCuFjew==,freeCodeCamp/freeCodeCamp,MERGED,2018-04-18 17:00:28+00:00,2018-04-26 22:03:27+00:00,2018-04-26 22:03:27+00:00,192,1,2223,4,1
0,Y3Vyc29yOnYyOpHOCuRMnw==,freeCodeCamp/freeCodeCamp,CLOSED,2018-04-19 10:34:43+00:00,,2018-05-03 13:07:32+00:00,336,1,2182,2,1
0,Y3Vyc29yOnYyOpHOCvU6xw==,freeCodeCamp/freeCodeCamp,MERGED,2018-04-24 19:43:59+00:00,2018-05-03 14:07:00+00:00,2018-05-03 14:07:01+00:00,192,1,2965,3,1
0,Y3Vyc29yOnYyOpHOCvdu7w==,freeCodeCamp/freeCodeCamp,MERGED,2018-04-25 10:20:06+00:00,2018-04-28 09:00:12+00:00,2018-04-28 09:00:12+00:00,48,1,3407,2,1
0,Y3Vyc29yOnYyOpHOCvd2dg==,freeCodeCamp/freeCodeCamp,MERGED,2018-04-25 10:27:54+00:00,2018-04-28 09:00:39+00:00,2018-04-28 09:00:39+00:00,48,1,3671,2,1
0,Y3Vyc29yOnYyOpHOCveBmA==,freeCodeCamp/freeCodeCamp,MERGED,2018-04-25 10:39:19+00:00,2018-04-28 09:01:23+00:00,2018-04-28 09:01:23+00:00,48,1,3218,2,1
0,Y3Vyc29yOnYyOpHOCveFlA==,freeCodeCamp/freeCodeCamp,MERGED,2018-04-25 10:43:42+00:00,2018-04-28 09:01:51+00:00,2018-04-28 09:01:51+00:00,48,1,2532,2,1
0,Y3Vyc29yOnYyOpHOCveIzw==,freeCodeCamp/freeCodeCamp,MERGED,2018-04-25 10:47:09+00:00,2018-04-28 08:19:07+00:00,2018-04-28 08:19:07+00:00,48,1,3773,3,1
0,Y3Vyc29yOnYyOpHOCwQOWw==,freeCodeCamp/freeCodeCamp,MERGED,2018-04-29 02:41:34+00:00,2018-05-09 00:09:14+00:00,2018-05-09 00:09:14+00:00,216,1,2408,3,2
0,Y3Vyc29yOnYyOpHOCwSXHA==,freeCodeCamp/freeCodeCamp,MERGED,2018-04-29 19:28:43+00:00,2018-05-02 20:31:45+00:00,2018-05-02 20:31:45+00:00,72,1,2092,3,1
0,Y3Vyc29yOnYyOpHOCwUHqQ==,freeCodeCamp/freeCodeCamp,MERGED,2018-04-30 04:57:52+00:00,2018-05-03 13:01:43+00:00,2018-05-03 13:01:43+00:00,72,1,2418,2,1
0,Y3Vyc29yOnYyOpHOCwssaw==,freeCodeCamp/freeCodeCamp,MERGED,2018-05-01 21:30:53+00:00,2018-05-03 13:03:09+00:00,2018-05-03 13:03:09+00:00,24,1,1084,4,1
0,Y3Vyc29yOnYyOpHOCxAKZw==,freeCodeCamp/freeCodeCamp,MERGED,2018-05-03 01:40:14+00:00,2018-05-14 08:37:48+00:00,2018-05-14 08:37:48+00:00,264,1,1055,4,1
0,Y3Vyc29yOnYyOpHOCxS6vQ==,freeCodeCamp/freeCodeCamp,CLOSED,2018-05-04 07:17:56+00:00,,2018-05-15 20:05:07+00:00,264,5,0,2,1
0,Y3Vyc29yOnYyOpHOCxiCmg==,freeCodeCamp/freeCodeCamp,MERGED,2018-05-05 13:01:56+00:00,2018-05-08 19:43:20+00:00,2018-05-08 19:43:20+00:00,72,1,2856,4,1
0,Y3Vyc29yOnYyOpHOCxiDLg==,freeCodeCamp/freeCodeCamp,MERGED,2018-05-05 13:06:11+00:00,2018-05-06 16:18:18+00:00,2018-05-06 16:18:18+00:00,24,1,2909,2,1
0,Y3Vyc29yOnYyOpHOCxlkmw==,freeCodeCamp/freeCodeCamp,CLOSED,2018-05-06 16:16:24+00:00,,2018-05-10 10:23:34+00:00,72,5,14,2,2
0,Y3Vyc29yOnYyOpHOCxlncA==,freeCodeCamp/freeCodeCamp,CLOSED,2018-05-06 16:33:14+00:00,,2018-05-10 10:23:35+00:00,72,15,0,3,1
0,Y3Vyc29yOnYyOpHOCyPZfg==,freeCodeCamp/freeCodeCamp,MERGED,2018-05-09 11:53:48+00:00,2018-05-12 02:15:56+00:00,2018-05-12 02:15:56+00:00,48,1,3247,3,2
0,Y3Vyc29yOnYyOpHOCydyFw==,freeCodeCamp/freeCodeCamp,MERGED,2018-05-10 08:45:12+00:00,2018-05-14 07:34:51+00:00,2018-05-14 07:34:51+00:00,72,7,2,3,7
0,Y3Vyc29yOnYyOpHOCyfamQ==,freeCodeCamp/freeCodeCamp,MERGED,2018-05-10 10:52:26+00:00,2018-05-11 21:00:46+00:00,2018-05-11 21:00:46+00:00,24,1,2443,3,1
0,Y3Vyc29yOnYyOpHOCyf2mQ==,freeCodeCamp/freeCodeCamp,MERGED,2018-05-10 11:29:21+00:00,2018-05-11 21:23:29+00:00,2018-05-11 21:23:29+00:00,24,1,3363,3,1
0,Y3Vyc29yOnYyOpHOCyzMPQ==,freeCodeCamp/freeCodeCamp,MERGED,2018-05-11 14:47:15+00:00,2018-05-15 16:36:37+00:00,2018-05-15 16:36:37+00:00,96,1,1385,6,1
0,Y3Vyc29yOnYyOpHOCy0VOw==,freeCodeCamp/freeCodeCamp,MERGED,2018-05-11 15:56:49+00:00,2018-05-15 05:12:05+00:00,2018-05-15 05:12:05+00:00,72,172,205,3,1
0,Y3Vyc29yOnYyOpHOCy7nzQ==,freeCodeCamp/freeCodeCamp,MERGED,2018-05-12 14:20:14+00:00,2018-05-14 14:12:05+00:00,2018-05-14 14:12:05+00:00,24,1,3047,4,1
0,Y3Vyc29yOnYyOpHOCzH6Hg==,freeCodeCamp/freeCodeCamp,MERGED,2018-05-14 13:20:07+00:00,2018-05-29 17:47:52+00:00,2018-05-29 17:47:53+00:00,360,1,2730,5,1
0,Y3Vyc29yOnYyOpHOC0FSzw==,freeCodeCamp/freeCodeCamp,MERGED,2018-05-17 18:56:53+00:00,2018-05-28 21:43:58+00:00,2018-05-28 21:43:58+00:00,264,4,1943,5,3
0,Y3Vyc29yOnYyOpHOC10o3Q==,freeCodeCamp/freeCodeCamp,MERGED,2018-05-25 17:45:44+00:00,2018-05-28 21:34:57+00:00,2018-05-28 21:34:57+00:00,72,12,29,3,10
0,Y3Vyc29yOnYyOpHOC12BxQ==,freeCodeCamp/freeCodeCamp,MERGED,2018-05-25 19:36:37+00:00,2018-05-27 08:10:36+00:00,2018-05-27 08:10:36+00:00,24,1,2091,2,1
0,Y3Vyc29yOnYyOpHOC25HPA==,freeCodeCamp/freeCodeCamp,CLOSED,2018-05-31 14:42:39+00:00,,2018-08-02 15:26:19+00:00,1512,1,1964,3,3
0,Y3Vyc29yOnYyOpHOC3LX6w==,freeCodeCamp/freeCodeCamp,MERGED,2018-06-01 15:56:06+00:00,2018-06-03 17:55:29+00:00,2018-06-03 17:55:30+00:00,48,1,1926,3,2
0,Y3Vyc29yOnYyOpHOC3SObw==,freeCodeCamp/freeCodeCamp,MERGED,2018-06-02 08:50:12+00:00,2018-06-06 13:39:23+00:00,2018-06-06 13:39:23+00:00,96,1,2014,3,2
0,Y3Vyc29yOnYyOpHOC3YwRw==,freeCodeCamp/freeCodeCamp,MERGED,2018-06-04 04:29:27+00:00,2018-06-05 16:26:57+00:00,2018-06-05 16:26:57+00:00,24,1,1112,3,1
0,Y3Vyc29yOnYyOpHOC3ZRHQ==,freeCodeCamp/freeCodeCamp,MERGED,2018-06-04 05:48:56+00:00,2018-06-05 16:29:31+00:00,2018-06-05 16:29:31+00:00,24,1,1034,3,2
0,Y3Vyc29yOnYyOpHOC3a64Q==,freeCodeCamp/freeCodeCamp,MERGED,2018-06-04 08:20:24+00:00,2018-06-05 16:34:38+00:00,2018-06-05 16:34:39+00:00,24,1,2063,2,1
0,Y3Vyc29yOnYyOpHOC32W_Q==,freeCodeCamp/freeCodeCamp,MERGED,2018-06-05 17:21:24+00:00,2018-06-10 23:46:46+00:00,2018-06-10 23:46:47+00:00,120,1,1926,3,2
0,Y3Vyc29yOnYyOpHOC4CIHg==,freeCodeCamp/freeCodeCamp,MERGED,2018-06-06 10:49:52+00:00,2018-06-07 21:35:07+00:00,2018-06-07 21:35:07+00:00,24,12,1926,3,1
0,Y3Vyc29yOnYyOpHOC4JiZw==,freeCodeCamp/freeCodeCamp,MERGED,2018-06-06 18:00:35+00:00,2018-06-10 23:45:19+00:00,2018-06-10 23:45:19+00:00,96,1,1958,4,3
0,Y3Vyc29yOnYyOpHOC4LCwA==,freeCodeCamp/freeCodeCamp,MERGED,2018-06-06 19:39:03+00:00,2018-06-11 00:02:33+00:00,2018-06-11 00:02:33+00:00,96,1,1015,4,1
0,Y3Vyc29yOnYyOpHOC4UPkA==,freeCodeCamp/freeCodeCamp,MERGED,2018-06-07 10:11:49+00:00,2018-06-11 00:03:57+00:00,2018-06-11 00:03:57+00:00,72,1,1926,4,4
0,Y3Vyc29yOnYyOpHOC4dZWA==,freeCodeCamp/freeCodeCamp,CLOSED,2018-06-07 19:09:45+00:00,,2018-06-10 15:29:50+00:00,48,0,1958,5,3
0,Y3Vyc29yOnYyOpHOC4hhXg==,freeCodeCamp/freeCodeCamp,MERGED,2018-06-08 01:27:21+00:00,2018-06-21 20:16:18+00:00,2018-06-21 20:16:19+00:00,312,41,2152,2,1
0,Y3Vyc29yOnYyOpHOC4wO_w==,freeCodeCamp/freeCodeCamp,CLOSED,2018-06-08 21:33:26+00:00,,2018-09-26 12:08:28+00:00,2616,1,0,6,15
0,Y3Vyc29yOnYyOpHOC40c5A==,freeCodeCamp/freeCodeCamp,MERGED,2018-06-09 21:37:14+00:00,2018-06-11 13:00:29+00:00,2018-06-11 13:00:29+00:00,24,1,2339,3,1
0,Y3Vyc29yOnYyOpHOC43UVA==,freeCodeCamp/freeCodeCamp,MERGED,2018-06-10 20:14:00+00:00,2018-06-18 14:47:11+00:00,2018-06-18 14:47:11+00:00,168,1,1926,5,3
0,Y3Vyc29yOnYyOpHOC43j9Q==,freeCodeCamp/freeCodeCamp,MERGED,2018-06-10 21:48:46+00:00,2018-06-15 13:11:24+00:00,2018-06-15 13:11:25+00:00,96,1,3416,3,1
0,Y3Vyc29yOnYyOpHOC6UoQw==,freeCodeCamp/freeCodeCamp,MERGED,2018-06-17 11:23:39+00:00,2018-06-19 06:53:24+00:00,2018-06-19 06:53:25+00:00,24,1,1926,2,1
0,Y3Vyc29yOnYyOpHOC6Upyg==,freeCodeCamp/freeCodeCamp,CLOSED,2018-06-17 11:35:19+00:00,,2018-06-19 12:55:43+00:00,48,1,1947,3,1
0,Y3Vyc29yOnYyOpHOC6qDTQ==,freeCodeCamp/freeCodeCamp,MERGED,2018-06-19 06:33:33+00:00,2018-06-28 09:28:09+00:00,2018-06-28 09:28:09+00:00,216,3,0,3,3
0,Y3Vyc29yOnYyOpHOC6qNUQ==,freeCodeCamp/freeCodeCamp,MERGED,2018-06-19 06:48:34+00:00,2018-06-21 12:14:29+00:00,2018-06-21 12:14:29+00:00,48,1,14,2,1
0,Y3Vyc29yOnYyOpHOC62WoQ==,freeCodeCamp/freeCodeCamp,CLOSED,2018-06-19 18:57:41+00:00,,2018-06-25 20:13:53+00:00,144,1,2007,3,1
0,Y3Vyc29yOnYyOpHOC68J8g==,freeCodeCamp/freeCodeCamp,MERGED,2018-06-20 04:44:29+00:00,2018-06-30 14:16:23+00:00,2018-06-30 14:16:23+00:00,240,4,2263,4,1
0,Y3Vyc29yOnYyOpHOC7EhPA==,freeCodeCamp/freeCodeCamp,MERGED,2018-06-20 14:22:39+00:00,2018-06-22 11:42:04+00:00,2018-06-22 11:42:04+00:00,24,388,0,4,2
0,Y3Vyc29yOnYyOpHOC7NFbA==,freeCodeCamp/freeCodeCamp,MERGED,2018-06-20 23:21:54+00:00,2018-06-26 14:37:52+00:00,2018-06-26 14:37:52+00:00,120,1,0,2,1
0,Y3Vyc29yOnYyOpHOC7dpwQ==,freeCodeCamp/freeCodeCamp,MERGED,2018-06-21 20:41:31+00:00,2018-06-28 09:29:32+00:00,2018-06-28 09:29:32+00:00,144,7,2122,4,1
0,Y3Vyc29yOnYyOpHOC8X4Lg==,freeCodeCamp/freeCodeCamp,MERGED,2018-06-26 19:12:46+00:00,2018-06-28 09:28:46+00:00,2018-06-28 09:28:46+00:00,24,1,0,2,1
0,Y3Vyc29yOnYyOpHOC8qguQ==,freeCodeCamp/freeCodeCamp,MERGED,2018-06-27 19:22:49+00:00,2018-06-29 20:29:21+00:00,2018-06-29 20:29:21+00:00,48,10,370,3,2
0,Y3Vyc29yOnYyOpHOC85Qwg==,freeCodeCamp/freeCodeCamp,MERGED,2018-06-28 15:34:58+00:00,2018-08-04 21:48:21+00:00,2018-08-04 21:48:21+00:00,888,11,0,4,5
0,Y3Vyc29yOnYyOpHOC9SPIQ==,freeCodeCamp/freeCodeCamp,MERGED,2018-06-30 14:41:33+00:00,2018-07-02 08:28:09+00:00,2018-07-02 08:28:09+00:00,24,3,1810,2,1
0,Y3Vyc29yOnYyOpHOC9dTng==,freeCodeCamp/freeCodeCamp,MERGED,2018-07-02 12:16:33+00:00,2018-08-02 15:39:52+00:00,2018-08-02 15:39:52+00:00,744,6,2037,4,1
0,Y3Vyc29yOnYyOpHOC-cjZQ==,freeCodeCamp/freeCodeCamp,CLOSED,2018-07-06 09:45:59+00:00,,2018-07-13 15:15:46+00:00,168,1,1926,4,1
0,Y3Vyc29yOnYyOpHOC_PXLw==,freeCodeCamp/freeCodeCamp,CLOSED,2018-07-10 21:32:32+00:00,,2018-07-12 18:27:51+00:00,24,1,2208,3,1
0,Y3Vyc29yOnYyOpHODAGXAg==,freeCodeCamp/freeCodeCamp,MERGED,2018-07-14 02:04:36+00:00,2018-07-30 14:10:06+00:00,2018-07-30 14:10:07+00:00,384,1,207,7,3
0,Y3Vyc29yOnYyOpHODAIeog==,freeCodeCamp/freeCodeCamp,MERGED,2018-07-14 19:22:35+00:00,2018-07-18 04:50:20+00:00,2018-07-18 04:50:20+00:00,72,1,1913,3,1
0,Y3Vyc29yOnYyOpHODAhF0A==,freeCodeCamp/freeCodeCamp,MERGED,2018-07-17 08:55:40+00:00,2018-07-28 07:38:54+00:00,2018-07-28 07:38:54+00:00,240,2,1928,3,1
0,Y3Vyc29yOnYyOpHODAnXhw==,freeCodeCamp/freeCodeCamp,CLOSED,2018-07-17 14:58:45+00:00,,2018-08-11 10:51:16+00:00,576,1,1057,5,3
0,Y3Vyc29yOnYyOpHODBU8TA==,freeCodeCamp/freeCodeCamp,MERGED,2018-07-20 00:35:20+00:00,2018-07-26 19:06:18+00:00,2018-07-26 19:06:18+00:00,144,2,2705,5,3
0,Y3Vyc29yOnYyOpHODC0Nmg==,freeCodeCamp/freeCodeCamp,CLOSED,2018-07-26 22:02:08+00:00,,2018-08-28 16:10:42+00:00,768,2,2152,4,1
0,Y3Vyc29yOnYyOpHODDD2HA==,freeCodeCamp/freeCodeCamp,CLOSED,2018-07-27 20:43:10+00:00,,2018-08-28 16:09:47+00:00,744,53,0,3,1
0,Y3Vyc29yOnYyOpHODDJcDA==,freeCodeCamp/freeCodeCamp,MERGED,2018-07-29 06:22:12+00:00,2018-08-19 15:48:24+00:00,2018-08-19 15:48:24+00:00,504,5,2309,2,1
0,Y3Vyc29yOnYyOpHODDtJZg==,freeCodeCamp/freeCodeCamp,MERGED,2018-07-31 19:06:13+00:00,2018-08-23 07:26:59+00:00,2018-08-23 07:26:59+00:00,528,1,2112,2,1
0,Y3Vyc29yOnYyOpHODEOtkg==,freeCodeCamp/freeCodeCamp,MERGED,2018-08-02 14:50:16+00:00,2018-08-27 19:02:34+00:00,2018-08-27 19:02:34+00:00,600,7,2107,5,2
0,Y3Vyc29yOnYyOpHODGJadQ==,freeCodeCamp/freeCodeCamp,MERGED,2018-08-11 12:13:57+00:00,2018-08-29 16:33:47+00:00,2018-08-29 16:33:47+00:00,432,1,2912,4,1
0,Y3Vyc29yOnYyOpHODGc8bg==,freeCodeCamp/freeCodeCamp,MERGED,2018-08-13 20:21:34+00:00,2018-08-15 09:04:39+00:00,2018-08-15 09:04:39+00:00,24,1,111,3,1
0,Y3Vyc29yOnYyOpHODJskwQ==,freeCodeCamp/freeCodeCamp,MERGED,2018-08-28 17:06:35+00:00,2019-09-26 16:45:28+00:00,2019-09-26 16:45:29+00:00,9432,19,36,7,4
0,Y3Vyc29yOnYyOpHODKw7oQ==,freeCodeCamp/freeCodeCamp,MERGED,2018-09-02 22:11:05+00:00,2018-09-04 14:11:18+00:00,2018-09-04 14:11:18+00:00,24,1,2088,3,2
0,Y3Vyc29yOnYyOpHODMFd_Q==,freeCodeCamp/freeCodeCamp,MERGED,2018-09-07 17:58:10+00:00,2018-09-09 09:50:18+00:00,2018-09-09 09:50:18+00:00,24,2,1552,2,2
0,Y3Vyc29yOnYyOpHODNMMGw==,freeCodeCamp/freeCodeCamp,CLOSED,2018-09-13 03:55:25+00:00,,2018-10-10 20:13:00+00:00,648,19,2004,5,1
0,Y3Vyc29yOnYyOpHODN3Q4w==,freeCodeCamp/freeCodeCamp,MERGED,2018-09-17 02:48:49+00:00,2018-09-19 14:21:31+00:00,2018-09-19 14:21:31+00:00,48,1,2482,2,1
0,Y3Vyc29yOnYyOpHODOgCbQ==,freeCodeCamp/freeCodeCamp,CLOSED,2018-09-19 06:51:42+00:00,,2018-09-25 18:12:46+00:00,144,1,1651,2,1
0,Y3Vyc29yOnYyOpHODOouqw==,freeCodeCamp/freeCodeCamp,MERGED,2018-09-19 15:04:29+00:00,2018-09-26 13:35:10+00:00,2018-09-26 13:35:10+00:00,144,2,490,3,2
0,Y3Vyc29yOnYyOpHODOu2Rw==,freeCodeCamp/freeCodeCamp,MERGED,2018-09-19 20:57:37+00:00,2018-09-25 17:00:43+00:00,2018-09-25 17:00:43+00:00,120,2,2670,2,1
0,Y3Vyc29yOnYyOpHODPbrTg==,freeCodeCamp/freeCodeCamp,MERGED,2018-09-23 12:59:53+00:00,2018-09-25 16:54:15+00:00,2018-09-25 16:54:15+00:00,48,1,1977,2,1
0,Y3Vyc29yOnYyOpHODRKo6Q==,freeCodeCamp/freeCodeCamp,CLOSED,2018-10-01 10:25:26+00:00,,2018-10-02 22:24:58+00:00,24,1,1944,3,1
0,Y3Vyc29yOnYyOpHODROG3Q==,freeCodeCamp/freeCodeCamp,MERGED,2018-10-01 13:51:06+00:00,2018-10-02 22:17:58+00:00,2018-10-02 22:17:58+00:00,24,1,1996,5,3
0,Y3Vyc29yOnYyOpHODRtpyw==,freeCodeCamp/freeCodeCamp,CLOSED,2018-10-03 02:48:25+00:00,,2018-10-08 21:09:40+00:00,120,2,2018,3,1
0,Y3Vyc29yOnYyOpHODRuDNw==,freeCodeCamp/freeCodeCamp,CLOSED,2018-10-03 03:44:51+00:00,,2018-10-08 21:05:11+00:00,120,1,2406,3,1
0,Y3Vyc29yOnYyOpHODR4cSg==,freeCodeCamp/freeCodeCamp,CLOSED,2018-10-03 15:17:40+00:00,,2018-10-08 20:59:38+00:00,120,1,1012,4,1
0,Y3Vyc29yOnYyOpHODR5wKQ==,freeCodeCamp/freeCodeCamp,MERGED,2018-10-03 16:20:18+00:00,2018-10-10 20:05:30+00:00,2018-10-10 20:05:30+00:00,168,32,0,4,2
0,Y3Vyc29yOnYyOpHODSCVUg==,freeCodeCamp/freeCodeCamp,MERGED,2018-10-04 03:26:13+00:00,2018-10-06 13:35:47+00:00,2018-10-06 13:35:47+00:00,48,1,1922,4,3
0,Y3Vyc29yOnYyOpHODSRinw==,freeCodeCamp/freeCodeCamp,MERGED,2018-10-04 19:18:40+00:00,2018-10-06 13:35:12+00:00,2018-10-06 13:35:12+00:00,24,1,1962,3,2
0,Y3Vyc29yOnYyOpHODSoFXA==,freeCodeCamp/freeCodeCamp,MERGED,2018-10-06 01:42:10+00:00,2018-10-07 09:21:11+00:00,2018-10-07 09:21:11+00:00,24,20,2062,2,4
0,Y3Vyc29yOnYyOpHODTATtQ==,freeCodeCamp/freeCodeCamp,MERGED,2018-10-08 21:59:43+00:00,2018-10-10 08:29:40+00:00,2018-10-10 08:29:40+00:00,24,1,1951,2,2
0,Y3Vyc29yOnYyOpHODUCxjw==,freeCodeCamp/freeCodeCamp,MERGED,2018-10-12 04:05:48+00:00,2018-10-13 06:52:52+00:00,2018-10-13 06:52:52+00:00,24,1,2878,2,1
0,Y3Vyc29yOnYyOpHODUC42g==,freeCodeCamp/freeCodeCamp,MERGED,2018-10-12 04:22:05+00:00,2018-10-13 06:55:05+00:00,2018-10-13 06:55:05+00:00,24,1,2980,2,1
0,Y3Vyc29yOnYyOpHODUDB9A==,freeCodeCamp/freeCodeCamp,MERGED,2018-10-12 04:41:20+00:00,2018-10-13 18:36:06+00:00,2018-10-13 18:36:06+00:00,24,1,2971,3,1
0,Y3Vyc29yOnYyOpHODUDbzQ==,freeCodeCamp/freeCodeCamp,MERGED,2018-10-12 05:35:37+00:00,2018-10-13 18:50:53+00:00,2018-10-13 18:50:53+00:00,24,1,2878,3,1
0,Y3Vyc29yOnYyOpHODUEvfg==,freeCodeCamp/freeCodeCamp,MERGED,2018-10-12 07:37:54+00:00,2018-10-15 07:17:05+00:00,2018-10-15 07:17:05+00:00,48,1,2878,3,2
0,Y3Vyc29yOnYyOpHODUEzfA==,freeCodeCamp/freeCodeCamp,MERGED,2018-10-12 07:42:04+00:00,2018-10-13 19:00:44+00:00,2018-10-13 19:00:44+00:00,24,1,2878,2,1
0,Y3Vyc29yOnYyOpHODUE5Yw==,freeCodeCamp/freeCodeCamp,MERGED,2018-10-12 07:49:02+00:00,2018-10-13 19:27:42+00:00,2018-10-13 19:27:42+00:00,24,1,2878,2,1
0,Y3Vyc29yOnYyOpHODUE99Q==,freeCodeCamp/freeCodeCamp,MERGED,2018-10-12 07:54:02+00:00,2018-10-13 19:22:07+00:00,2018-10-13 19:22:07+00:00,24,1,2954,2,1
0,Y3Vyc29yOnYyOpHODUFHew==,freeCodeCamp/freeCodeCamp,MERGED,2018-10-12 08:04:12+00:00,2018-10-13 20:02:37+00:00,2018-10-13 20:02:37+00:00,24,1,2878,3,1
0,Y3Vyc29yOnYyOpHODUFHlg==,freeCodeCamp/freeCodeCamp,MERGED,2018-10-12 08:04:16+00:00,2018-10-13 20:07:50+00:00,2018-10-13 20:07:50+00:00,24,1,2878,2,1
0,Y3Vyc29yOnYyOpHODUFH0Q==,freeCodeCamp/freeCodeCamp,MERGED,2018-10-12 08:04:35+00:00,2018-10-13 20:25:25+00:00,2018-10-13 20:25:25+00:00,24,1,2878,2,1
0,Y3Vyc29yOnYyOpHODUFk-w==,freeCodeCamp/freeCodeCamp,MERGED,2018-10-12 08:35:08+00:00,2018-10-13 20:42:01+00:00,2018-10-13 20:42:01+00:00,24,1,2878,2,1
0,Y3Vyc29yOnYyOpHODUFu7A==,freeCodeCamp/freeCodeCamp,MERGED,2018-10-12 08:44:47+00:00,2018-10-13 20:58:57+00:00,2018-10-13 20:58:57+00:00,24,1,2878,2,1
0,Y3Vyc29yOnYyOpHODUGBAg==,freeCodeCamp/freeCodeCamp,MERGED,2018-10-12 09:01:37+00:00,2018-10-13 21:21:12+00:00,2018-10-13 21:21:12+00:00,24,1,2969,2,1
0,Y3Vyc29yOnYyOpHODUGuBg==,freeCodeCamp/freeCodeCamp,MERGED,2018-10-12 09:41:14+00:00,2018-10-13 21:36:58+00:00,2018-10-13 21:36:58+00:00,24,1,2798,2,1
0,Y3Vyc29yOnYyOpHODUHICQ==,freeCodeCamp/freeCodeCamp,MERGED,2018-10-12 10:04:02+00:00,2018-10-14 16:20:29+00:00,2018-10-14 16:20:29+00:00,48,1,2996,3,1
0,Y3Vyc29yOnYyOpHODUJtuQ==,freeCodeCamp/freeCodeCamp,MERGED,2018-10-12 12:56:17+00:00,2018-10-14 16:08:13+00:00,2018-10-14 16:08:13+00:00,48,1,2848,4,3
0,Y3Vyc29yOnYyOpHODUJyvw==,freeCodeCamp/freeCodeCamp,MERGED,2018-10-12 13:00:44+00:00,2018-10-14 16:08:44+00:00,2018-10-14 16:08:44+00:00,48,1,3027,3,2
0,Y3Vyc29yOnYyOpHODUKl9A==,freeCodeCamp/freeCodeCamp,MERGED,2018-10-12 13:44:45+00:00,2018-10-16 15:31:33+00:00,2018-10-16 15:31:33+00:00,96,1,2939,4,1
0,Y3Vyc29yOnYyOpHODULDJA==,freeCodeCamp/freeCodeCamp,MERGED,2018-10-12 14:08:55+00:00,2018-10-14 16:10:04+00:00,2018-10-14 16:10:04+00:00,48,1,2967,3,1
0,Y3Vyc29yOnYyOpHODUNB6Q==,freeCodeCamp/freeCodeCamp,CLOSED,2018-10-12 15:52:42+00:00,,2018-10-16 15:29:44+00:00,72,1,2951,4,2
0,Y3Vyc29yOnYyOpHODUNY5Q==,freeCodeCamp/freeCodeCamp,CLOSED,2018-10-12 16:14:06+00:00,,2018-10-16 16:09:05+00:00,72,13396,2878,3,1
0,Y3Vyc29yOnYyOpHODUOIww==,freeCodeCamp/freeCodeCamp,MERGED,2018-10-12 17:05:14+00:00,2018-10-15 00:30:49+00:00,2018-10-15 00:30:49+00:00,48,1,3029,2,1
0,Y3Vyc29yOnYyOpHODUOK8Q==,freeCodeCamp/freeCodeCamp,MERGED,2018-10-12 17:07:39+00:00,2018-10-14 01:27:57+00:00,2018-10-14 01:27:57+00:00,24,1,2925,2,1
0,Y3Vyc29yOnYyOpHODUOLdA==,freeCodeCamp/freeCodeCamp,MERGED,2018-10-12 17:08:14+00:00,2018-10-15 00:36:29+00:00,2018-10-15 00:36:29+00:00,48,1,3195,2,1
0,Y3Vyc29yOnYyOpHODUOQYA==,freeCodeCamp/freeCodeCamp,CLOSED,2018-10-12 17:13:40+00:00,,2018-10-14 08:29:33+00:00,24,1,2930,2,1
0,Y3Vyc29yOnYyOpHODUOTAg==,freeCodeCamp/freeCodeCamp,MERGED,2018-10-12 17:16:36+00:00,2018-10-15 01:12:17+00:00,2018-10-15 01:12:17+00:00,48,1,2950,2,1
0,Y3Vyc29yOnYyOpHODUOWqA==,freeCodeCamp/freeCodeCamp,CLOSED,2018-10-12 17:20:55+00:00,,2018-10-14 08:41:35+00:00,24,1,784,2,1
0,Y3Vyc29yOnYyOpHODUOm9w==,freeCodeCamp/freeCodeCamp,MERGED,2018-10-12 17:38:48+00:00,2018-11-03 16:53:51+00:00,2018-11-03 16:53:51+00:00,504,1,627,6,2
0,Y3Vyc29yOnYyOpHODUOp_A==,freeCodeCamp/freeCodeCamp,MERGED,2018-10-12 17:42:11+00:00,2018-11-04 23:55:52+00:00,2018-11-04 23:55:52+00:00,552,0,873,4,3
0,Y3Vyc29yOnYyOpHODUOveg==,freeCodeCamp/freeCodeCamp,MERGED,2018-10-12 17:48:08+00:00,2018-10-14 16:29:27+00:00,2018-10-14 16:29:27+00:00,24,1,778,3,1
0,Y3Vyc29yOnYyOpHODUO6pQ==,freeCodeCamp/freeCodeCamp,MERGED,2018-10-12 17:59:38+00:00,2018-10-14 16:31:10+00:00,2018-10-14 16:31:10+00:00,24,1,767,3,1
0,Y3Vyc29yOnYyOpHODUP4JQ==,freeCodeCamp/freeCodeCamp,MERGED,2018-10-12 19:03:16+00:00,2018-10-15 15:13:43+00:00,2018-10-15 15:13:43+00:00,48,1,720,3,2
0,Y3Vyc29yOnYyOpHODUQCaA==,freeCodeCamp/freeCodeCamp,CLOSED,2018-10-12 19:14:28+00:00,,2018-10-15 15:19:34+00:00,48,1,818,3,2
0,Y3Vyc29yOnYyOpHODUQK3g==,freeCodeCamp/freeCodeCamp,MERGED,2018-10-12 19:23:58+00:00,2018-10-15 01:55:22+00:00,2018-10-15 01:55:22+00:00,48,1,743,2,1
0,Y3Vyc29yOnYyOpHODUQMbg==,freeCodeCamp/freeCodeCamp,MERGED,2018-10-12 19:25:42+00:00,2018-10-15 02:00:55+00:00,2018-10-15 02:00:56+00:00,48,1,958,3,1
0,Y3Vyc29yOnYyOpHODUQcKQ==,freeCodeCamp/freeCodeCamp,MERGED,2018-10-12 19:42:53+00:00,2018-10-15 02:03:52+00:00,2018-10-15 02:03:52+00:00,48,1,720,2,1
0,Y3Vyc29yOnYyOpHODUQsMA==,freeCodeCamp/freeCodeCamp,MERGED,2018-10-12 20:00:50+00:00,2018-10-17 11:54:18+00:00,2018-10-17 11:54:18+00:00,96,1,720,2,4
0,Y3Vyc29yOnYyOpHODUQ88w==,freeCodeCamp/freeCodeCamp,MERGED,2018-10-12 20:19:35+00:00,2018-11-07 11:36:29+00:00,2018-11-07 11:36:29+00:00,600,1,720,3,3
0,Y3Vyc29yOnYyOpHODURCng==,freeCodeCamp/freeCodeCamp,MERGED,2018-10-12 20:26:11+00:00,2018-10-15 07:37:42+00:00,2018-10-15 07:37:42+00:00,48,1,936,2,3
0,Y3Vyc29yOnYyOpHODURWiw==,freeCodeCamp/freeCodeCamp,CLOSED,2018-10-12 20:48:54+00:00,,2018-10-17 11:06:08+00:00,96,1,768,4,1
0,Y3Vyc29yOnYyOpHODURkrA==,freeCodeCamp/freeCodeCamp,CLOSED,2018-10-12 21:04:09+00:00,,2018-10-15 07:45:40+00:00,48,1,720,2,1
0,Y3Vyc29yOnYyOpHODURm4A==,freeCodeCamp/freeCodeCamp,CLOSED,2018-10-12 21:06:55+00:00,,2018-10-15 07:47:14+00:00,48,1,720,2,1
0,Y3Vyc29yOnYyOpHODURpEg==,freeCodeCamp/freeCodeCamp,CLOSED,2018-10-12 21:09:42+00:00,,2018-10-15 01:02:59+00:00,48,1,720,2,1
0,Y3Vyc29yOnYyOpHODURsCg==,freeCodeCamp/freeCodeCamp,CLOSED,2018-10-12 21:13:19+00:00,,2018-10-15 07:48:24+00:00,48,1,720,2,1
0,Y3Vyc29yOnYyOpHODUSFrQ==,freeCodeCamp/freeCodeCamp,MERGED,2018-10-12 21:46:23+00:00,2018-10-15 20:34:57+00:00,2018-10-15 20:34:57+00:00,48,1,720,2,1
0,Y3Vyc29yOnYyOpHODUSW_A==,freeCodeCamp/freeCodeCamp,MERGED,2018-10-12 22:11:20+00:00,2018-10-13 23:04:42+00:00,2018-10-13 23:04:42+00:00,24,1,846,2,1
0,Y3Vyc29yOnYyOpHODUS3dA==,freeCodeCamp/freeCodeCamp,MERGED,2018-10-12 23:09:34+00:00,2018-10-16 01:28:11+00:00,2018-10-16 01:28:11+00:00,72,1,769,3,1
0,Y3Vyc29yOnYyOpHODUTejg==,freeCodeCamp/freeCodeCamp,CLOSED,2018-10-13 00:55:24+00:00,,2018-10-15 07:55:20+00:00,48,1,664,2,1
